file,line,type,commit,author,date,time,timezone,datetime,depth,length
style.css,1,css,bc500861,kylele3221,2025-10-09,22:51:46,-07:00,2025-10-09T22:51:46-07:00,0,4
style.css,2,css,bc500861,kylele3221,2025-10-09,22:51:46,-07:00,2025-10-09T22:51:46-07:00,1,31
style.css,3,css,fd2edb35,kylele3221,2025-10-09,23:15:05,-07:00,2025-10-09T23:15:05-07:00,1,20
style.css,4,css,fd2edb35,kylele3221,2025-10-09,23:15:05,-07:00,2025-10-09T23:15:05-07:00,1,22
style.css,5,css,fd2edb35,kylele3221,2025-10-09,23:15:05,-07:00,2025-10-09T23:15:05-07:00,1,27
style.css,6,css,fd2edb35,kylele3221,2025-10-09,23:15:05,-07:00,2025-10-09T23:15:05-07:00,1,26
style.css,7,css,bc500861,kylele3221,2025-10-09,22:51:46,-07:00,2025-10-09T22:51:46-07:00,1,32
style.css,8,css,fd2edb35,kylele3221,2025-10-09,23:15:05,-07:00,2025-10-09T23:15:05-07:00,1,23
style.css,9,css,bc500861,kylele3221,2025-10-09,22:51:46,-07:00,2025-10-09T22:51:46-07:00,0,0
style.css,10,css,bc500861,kylele3221,2025-10-09,22:51:46,-07:00,2025-10-09T22:51:46-07:00,0,0
style.css,11,css,fd2edb35,kylele3221,2025-10-09,23:15:05,-07:00,2025-10-09T23:15:05-07:00,0,35
style.css,12,css,fd2edb35,kylele3221,2025-10-09,23:15:05,-07:00,2025-10-09T23:15:05-07:00,1,4
style.css,13,css,fd2edb35,kylele3221,2025-10-09,23:15:05,-07:00,2025-10-09T23:15:05-07:00,2,20
style.css,14,css,fd2edb35,kylele3221,2025-10-09,23:15:05,-07:00,2025-10-09T23:15:05-07:00,2,22
style.css,15,css,fd2edb35,kylele3221,2025-10-09,23:15:05,-07:00,2025-10-09T23:15:05-07:00,2,27
style.css,16,css,fd2edb35,kylele3221,2025-10-09,23:15:05,-07:00,2025-10-09T23:15:05-07:00,2,26
style.css,17,css,fd2edb35,kylele3221,2025-10-09,23:15:05,-07:00,2025-10-09T23:15:05-07:00,1,0
style.css,18,css,fd2edb35,kylele3221,2025-10-09,23:15:05,-07:00,2025-10-09T23:15:05-07:00,0,0
style.css,19,css,fd2edb35,kylele3221,2025-10-09,23:15:05,-07:00,2025-10-09T23:15:05-07:00,0,0
style.css,20,css,66b20d76,kylele3221,2025-10-16,07:05:43,-07:00,2025-10-16T07:05:43-07:00,0,31
style.css,21,css,66b20d76,kylele3221,2025-10-16,07:05:43,-07:00,2025-10-16T07:05:43-07:00,1,18
style.css,22,css,66b20d76,kylele3221,2025-10-16,07:05:43,-07:00,2025-10-16T07:05:43-07:00,1,20
style.css,23,css,66b20d76,kylele3221,2025-10-16,07:05:43,-07:00,2025-10-16T07:05:43-07:00,1,22
style.css,24,css,66b20d76,kylele3221,2025-10-16,07:05:43,-07:00,2025-10-16T07:05:43-07:00,1,27
style.css,25,css,66b20d76,kylele3221,2025-10-16,07:05:43,-07:00,2025-10-16T07:05:43-07:00,1,26
style.css,26,css,66b20d76,kylele3221,2025-10-16,07:05:43,-07:00,2025-10-16T07:05:43-07:00,0,0
style.css,27,css,66b20d76,kylele3221,2025-10-16,07:05:43,-07:00,2025-10-16T07:05:43-07:00,0,0
style.css,28,css,66b20d76,kylele3221,2025-10-16,07:05:43,-07:00,2025-10-16T07:05:43-07:00,0,30
style.css,29,css,66b20d76,kylele3221,2025-10-16,07:05:43,-07:00,2025-10-16T07:05:43-07:00,1,17
style.css,30,css,66b20d76,kylele3221,2025-10-16,07:05:43,-07:00,2025-10-16T07:05:43-07:00,1,20
style.css,31,css,66b20d76,kylele3221,2025-10-16,07:05:43,-07:00,2025-10-16T07:05:43-07:00,1,22
style.css,32,css,66b20d76,kylele3221,2025-10-16,07:05:43,-07:00,2025-10-16T07:05:43-07:00,1,27
style.css,33,css,66b20d76,kylele3221,2025-10-16,07:05:43,-07:00,2025-10-16T07:05:43-07:00,1,26
style.css,34,css,66b20d76,kylele3221,2025-10-16,07:05:43,-07:00,2025-10-16T07:05:43-07:00,0,0
style.css,35,css,66b20d76,kylele3221,2025-10-16,07:05:43,-07:00,2025-10-16T07:05:43-07:00,0,0
style.css,36,css,fd2edb35,kylele3221,2025-10-09,23:15:05,-07:00,2025-10-09T23:15:05-07:00,0,0
style.css,37,css,fd2edb35,kylele3221,2025-10-09,23:15:05,-07:00,2025-10-09T23:15:05-07:00,0,8
style.css,38,css,3b2fc165,kylele3221,2025-10-09,23:25:31,-07:00,2025-10-09T23:25:31-07:00,0,8
style.css,39,css,3b2fc165,kylele3221,2025-10-09,23:25:31,-07:00,2025-10-09T23:25:31-07:00,1,21
style.css,40,css,3b2fc165,kylele3221,2025-10-09,23:25:31,-07:00,2025-10-09T23:25:31-07:00,0,0
style.css,41,css,fd2edb35,kylele3221,2025-10-09,23:15:05,-07:00,2025-10-09T23:15:05-07:00,0,0
style.css,42,css,cce1ada3,kylele3221,2025-09-29,21:03:46,-07:00,2025-09-29T21:03:46-07:00,0,4
style.css,43,css,fd2edb35,kylele3221,2025-10-09,23:15:05,-07:00,2025-10-09T23:15:05-07:00,1,35
style.css,44,css,fd2edb35,kylele3221,2025-10-09,23:15:05,-07:00,2025-10-09T23:15:05-07:00,1,17
style.css,45,css,fd2edb35,kylele3221,2025-10-09,23:15:05,-07:00,2025-10-09T23:15:05-07:00,1,20
style.css,46,css,3f841750,kylele3221,2025-10-09,22:11:44,-07:00,2025-10-09T22:11:44-07:00,1,15
style.css,47,css,3f841750,kylele3221,2025-10-09,22:11:44,-07:00,2025-10-09T22:11:44-07:00,1,42
style.css,48,css,fd2edb35,kylele3221,2025-10-09,23:15:05,-07:00,2025-10-09T23:15:05-07:00,1,18
style.css,49,css,fd2edb35,kylele3221,2025-10-09,23:15:05,-07:00,2025-10-09T23:15:05-07:00,1,22
style.css,50,css,3f841750,kylele3221,2025-10-09,22:11:44,-07:00,2025-10-09T22:11:44-07:00,0,0
style.css,51,css,3f841750,kylele3221,2025-10-09,22:11:44,-07:00,2025-10-09T22:11:44-07:00,0,0
style.css,52,css,a6c326be,kylele3221,2025-10-16,07:43:09,-07:00,2025-10-16T07:43:09-07:00,0,2
style.css,53,css,a6c326be,kylele3221,2025-10-16,07:43:09,-07:00,2025-10-16T07:43:09-07:00,1,14
style.css,54,css,a6c326be,kylele3221,2025-10-16,07:43:09,-07:00,2025-10-16T07:43:09-07:00,0,0
style.css,55,css,3b2fc165,kylele3221,2025-10-09,23:25:31,-07:00,2025-10-09T23:25:31-07:00,0,0
style.css,56,css,3b2fc165,kylele3221,2025-10-09,23:25:31,-07:00,2025-10-09T23:25:31-07:00,0,22
style.css,57,css,3b2fc165,kylele3221,2025-10-09,23:25:31,-07:00,2025-10-09T23:25:31-07:00,1,15
style.css,58,css,3b2fc165,kylele3221,2025-10-09,23:25:31,-07:00,2025-10-09T23:25:31-07:00,1,17
style.css,59,css,3b2fc165,kylele3221,2025-10-09,23:25:31,-07:00,2025-10-09T23:25:31-07:00,0,0
style.css,60,css,3b2fc165,kylele3221,2025-10-09,23:25:31,-07:00,2025-10-09T23:25:31-07:00,0,0
style.css,61,css,3b2fc165,kylele3221,2025-10-09,23:25:31,-07:00,2025-10-09T23:25:31-07:00,0,1
style.css,62,css,3b2fc165,kylele3221,2025-10-09,23:25:31,-07:00,2025-10-09T23:25:31-07:00,1,13
style.css,63,css,3b2fc165,kylele3221,2025-10-09,23:25:31,-07:00,2025-10-09T23:25:31-07:00,1,41
style.css,64,css,3b2fc165,kylele3221,2025-10-09,23:25:31,-07:00,2025-10-09T23:25:31-07:00,1,27
style.css,65,css,3b2fc165,kylele3221,2025-10-09,23:25:31,-07:00,2025-10-09T23:25:31-07:00,0,0
style.css,66,css,fd2edb35,kylele3221,2025-10-09,23:15:05,-07:00,2025-10-09T23:15:05-07:00,0,0
style.css,67,css,a6c326be,kylele3221,2025-10-16,07:43:09,-07:00,2025-10-16T07:43:09-07:00,0,7
style.css,68,css,a6c326be,kylele3221,2025-10-16,07:43:09,-07:00,2025-10-16T07:43:09-07:00,1,32
style.css,69,css,a6c326be,kylele3221,2025-10-16,07:43:09,-07:00,2025-10-16T07:43:09-07:00,0,0
style.css,70,css,fd2edb35,kylele3221,2025-10-09,23:15:05,-07:00,2025-10-09T23:15:05-07:00,0,0
style.css,71,css,3b2fc165,kylele3221,2025-10-09,23:25:31,-07:00,2025-10-09T23:25:31-07:00,0,14
style.css,72,css,3b2fc165,kylele3221,2025-10-09,23:25:31,-07:00,2025-10-09T23:25:31-07:00,1,39
style.css,73,css,3b2fc165,kylele3221,2025-10-09,23:25:31,-07:00,2025-10-09T23:25:31-07:00,1,20
style.css,74,css,3b2fc165,kylele3221,2025-10-09,23:25:31,-07:00,2025-10-09T23:25:31-07:00,0,0
style.css,75,css,fd2edb35,kylele3221,2025-10-09,23:15:05,-07:00,2025-10-09T23:15:05-07:00,0,0
style.css,76,css,3b2fc165,kylele3221,2025-10-09,23:25:31,-07:00,2025-10-09T23:25:31-07:00,0,11
style.css,77,css,3b2fc165,kylele3221,2025-10-09,23:25:31,-07:00,2025-10-09T23:25:31-07:00,1,30
style.css,78,css,3b2fc165,kylele3221,2025-10-09,23:25:31,-07:00,2025-10-09T23:25:31-07:00,1,11
style.css,79,css,3b2fc165,kylele3221,2025-10-09,23:25:31,-07:00,2025-10-09T23:25:31-07:00,0,0
style.css,80,css,fd2edb35,kylele3221,2025-10-09,23:15:05,-07:00,2025-10-09T23:15:05-07:00,0,0
style.css,81,css,3f841750,kylele3221,2025-10-09,22:11:44,-07:00,2025-10-09T22:11:44-07:00,0,3
style.css,82,css,adaf491f,kylele3221,2025-10-15,14:33:47,-07:00,2025-10-15T14:33:47-07:00,1,39
style.css,83,css,3f841750,kylele3221,2025-10-09,22:11:44,-07:00,2025-10-09T22:11:44-07:00,1,12
style.css,84,css,1d9d3a1b,kylele3221,2025-10-09,22:13:04,-07:00,2025-10-09T22:13:04-07:00,1,17
style.css,85,css,adaf491f,kylele3221,2025-10-15,14:33:47,-07:00,2025-10-15T14:33:47-07:00,1,43
style.css,86,css,3f841750,kylele3221,2025-10-09,22:11:44,-07:00,2025-10-09T22:11:44-07:00,0,0
style.css,87,css,3f841750,kylele3221,2025-10-09,22:11:44,-07:00,2025-10-09T22:11:44-07:00,0,0
style.css,88,css,3f841750,kylele3221,2025-10-09,22:11:44,-07:00,2025-10-09T22:11:44-07:00,0,5
style.css,89,css,3f841750,kylele3221,2025-10-09,22:11:44,-07:00,2025-10-09T22:11:44-07:00,1,6
style.css,90,css,1d9d3a1b,kylele3221,2025-10-09,22:13:04,-07:00,2025-10-09T22:13:04-07:00,1,20
style.css,91,css,1d9d3a1b,kylele3221,2025-10-09,22:13:04,-07:00,2025-10-09T22:13:04-07:00,1,13
style.css,92,css,1d9d3a1b,kylele3221,2025-10-09,22:13:04,-07:00,2025-10-09T22:13:04-07:00,1,17
style.css,93,css,1d9d3a1b,kylele3221,2025-10-09,22:13:04,-07:00,2025-10-09T22:13:04-07:00,1,13
style.css,94,css,3f841750,kylele3221,2025-10-09,22:11:44,-07:00,2025-10-09T22:11:44-07:00,0,0
style.css,95,css,3f841750,kylele3221,2025-10-09,22:11:44,-07:00,2025-10-09T22:11:44-07:00,0,0
style.css,96,css,3f841750,kylele3221,2025-10-09,22:11:44,-07:00,2025-10-09T22:11:44-07:00,0,13
style.css,97,css,adaf491f,kylele3221,2025-10-15,14:33:47,-07:00,2025-10-15T14:33:47-07:00,1,45
style.css,98,css,1d9d3a1b,kylele3221,2025-10-09,22:13:04,-07:00,2025-10-09T22:13:04-07:00,1,20
style.css,99,css,3f841750,kylele3221,2025-10-09,22:11:44,-07:00,2025-10-09T22:11:44-07:00,1,16
style.css,100,css,3c40bfaa,kylele3221,2025-10-09,22:43:17,-07:00,2025-10-09T22:43:17-07:00,0,0
style.css,101,css,3c40bfaa,kylele3221,2025-10-09,22:43:17,-07:00,2025-10-09T22:43:17-07:00,0,0
style.css,102,css,3c40bfaa,kylele3221,2025-10-09,22:43:17,-07:00,2025-10-09T22:43:17-07:00,0,11
style.css,103,css,3c40bfaa,kylele3221,2025-10-09,22:43:17,-07:00,2025-10-09T22:43:17-07:00,1,45
style.css,104,css,3c40bfaa,kylele3221,2025-10-09,22:43:17,-07:00,2025-10-09T22:43:17-07:00,1,20
style.css,105,css,5d790efd,kylele3221,2025-10-09,22:50:46,-07:00,2025-10-09T22:50:46-07:00,0,0
style.css,106,css,5d790efd,kylele3221,2025-10-09,22:50:46,-07:00,2025-10-09T22:50:46-07:00,0,0
style.css,107,css,a6c326be,kylele3221,2025-10-16,07:43:09,-07:00,2025-10-16T07:43:09-07:00,0,19
style.css,108,css,a6c326be,kylele3221,2025-10-16,07:43:09,-07:00,2025-10-16T07:43:09-07:00,1,39
style.css,109,css,a6c326be,kylele3221,2025-10-16,07:43:09,-07:00,2025-10-16T07:43:09-07:00,0,0
style.css,110,css,bc500861,kylele3221,2025-10-09,22:51:46,-07:00,2025-10-09T22:51:46-07:00,0,0
style.css,111,css,a6c326be,kylele3221,2025-10-16,07:43:09,-07:00,2025-10-16T07:43:09-07:00,0,31
style.css,112,css,a6c326be,kylele3221,2025-10-16,07:43:09,-07:00,2025-10-16T07:43:09-07:00,1,12
style.css,113,css,a6c326be,kylele3221,2025-10-16,07:43:09,-07:00,2025-10-16T07:43:09-07:00,0,0
style.css,114,css,075ab60f,kylele3221,2025-10-09,22:52:32,-07:00,2025-10-09T22:52:32-07:00,0,0
style.css,115,css,bd562a20,kylele3221,2025-10-09,22:56:28,-07:00,2025-10-09T22:56:28-07:00,0,4
style.css,116,css,bd562a20,kylele3221,2025-10-09,22:56:28,-07:00,2025-10-09T22:56:28-07:00,1,12
style.css,117,css,bd562a20,kylele3221,2025-10-09,22:56:28,-07:00,2025-10-09T22:56:28-07:00,1,30
style.css,118,css,bd562a20,kylele3221,2025-10-09,22:56:28,-07:00,2025-10-09T22:56:28-07:00,1,7
style.css,119,css,075ab60f,kylele3221,2025-10-09,22:52:32,-07:00,2025-10-09T22:52:32-07:00,0,0
style.css,120,css,075ab60f,kylele3221,2025-10-09,22:52:32,-07:00,2025-10-09T22:52:32-07:00,0,0
style.css,121,css,bd562a20,kylele3221,2025-10-09,22:56:28,-07:00,2025-10-09T22:56:28-07:00,0,5
style.css,122,css,bd562a20,kylele3221,2025-10-09,22:56:28,-07:00,2025-10-09T22:56:28-07:00,1,12
style.css,123,css,bd562a20,kylele3221,2025-10-09,22:56:28,-07:00,2025-10-09T22:56:28-07:00,1,29
style.css,124,css,bd562a20,kylele3221,2025-10-09,22:56:28,-07:00,2025-10-09T22:56:28-07:00,1,18
style.css,125,css,075ab60f,kylele3221,2025-10-09,22:52:32,-07:00,2025-10-09T22:52:32-07:00,0,0
style.css,126,css,075ab60f,kylele3221,2025-10-09,22:52:32,-07:00,2025-10-09T22:52:32-07:00,0,0
style.css,127,css,bd562a20,kylele3221,2025-10-09,22:56:28,-07:00,2025-10-09T22:56:28-07:00,0,6
style.css,128,css,bd562a20,kylele3221,2025-10-09,22:56:28,-07:00,2025-10-09T22:56:28-07:00,1,18
style.css,129,css,fd2edb35,kylele3221,2025-10-09,23:15:05,-07:00,2025-10-09T23:15:05-07:00,1,19
style.css,130,css,fd2edb35,kylele3221,2025-10-09,23:15:05,-07:00,2025-10-09T23:15:05-07:00,1,18
style.css,131,css,fd2edb35,kylele3221,2025-10-09,23:15:05,-07:00,2025-10-09T23:15:05-07:00,1,22
style.css,132,css,fd2edb35,kylele3221,2025-10-09,23:15:05,-07:00,2025-10-09T23:15:05-07:00,1,17
style.css,133,css,fd2edb35,kylele3221,2025-10-09,23:15:05,-07:00,2025-10-09T23:15:05-07:00,1,20
style.css,134,css,fd2edb35,kylele3221,2025-10-09,23:15:05,-07:00,2025-10-09T23:15:05-07:00,1,30
style.css,135,css,fd2edb35,kylele3221,2025-10-09,23:15:05,-07:00,2025-10-09T23:15:05-07:00,1,25
style.css,136,css,fd2edb35,kylele3221,2025-10-09,23:15:05,-07:00,2025-10-09T23:15:05-07:00,1,14
style.css,137,css,075ab60f,kylele3221,2025-10-09,22:52:32,-07:00,2025-10-09T22:52:32-07:00,0,0
style.css,138,css,2248d2fa,kylele3221,2025-10-09,23:04:06,-07:00,2025-10-09T23:04:06-07:00,0,0
style.css,139,css,3b2fc165,kylele3221,2025-10-09,23:25:31,-07:00,2025-10-09T23:25:31-07:00,0,12
style.css,140,css,3b2fc165,kylele3221,2025-10-09,23:25:31,-07:00,2025-10-09T23:25:31-07:00,1,32
style.css,141,css,3b2fc165,kylele3221,2025-10-09,23:25:31,-07:00,2025-10-09T23:25:31-07:00,1,44
style.css,142,css,3b2fc165,kylele3221,2025-10-09,23:25:31,-07:00,2025-10-09T23:25:31-07:00,0,0
style.css,143,css,3b2fc165,kylele3221,2025-10-09,23:25:31,-07:00,2025-10-09T23:25:31-07:00,0,0
style.css,144,css,a6c326be,kylele3221,2025-10-16,07:43:09,-07:00,2025-10-16T07:43:09-07:00,0,13
style.css,145,css,a6c326be,kylele3221,2025-10-16,07:43:09,-07:00,2025-10-16T07:43:09-07:00,1,25
style.css,146,css,a6c326be,kylele3221,2025-10-16,07:43:09,-07:00,2025-10-16T07:43:09-07:00,0,0
style.css,147,css,fd2edb35,kylele3221,2025-10-09,23:15:05,-07:00,2025-10-09T23:15:05-07:00,0,0
style.css,148,css,2248d2fa,kylele3221,2025-10-09,23:04:06,-07:00,2025-10-09T23:04:06-07:00,0,9
style.css,149,css,2248d2fa,kylele3221,2025-10-09,23:04:06,-07:00,2025-10-09T23:04:06-07:00,1,12
style.css,150,css,2248d2fa,kylele3221,2025-10-09,23:04:06,-07:00,2025-10-09T23:04:06-07:00,1,58
style.css,151,css,2248d2fa,kylele3221,2025-10-09,23:04:06,-07:00,2025-10-09T23:04:06-07:00,1,7
style.css,152,css,2c77e213,kylele3221,2025-10-09,23:08:46,-07:00,2025-10-09T23:08:46-07:00,1,19
style.css,153,css,2248d2fa,kylele3221,2025-10-09,23:04:06,-07:00,2025-10-09T23:04:06-07:00,0,0
style.css,154,css,ae8095fe,kylele3221,2025-10-09,23:04:20,-07:00,2025-10-09T23:04:20-07:00,0,0
style.css,155,css,ae8095fe,kylele3221,2025-10-09,23:04:20,-07:00,2025-10-09T23:04:20-07:00,0,17
style.css,156,css,ae8095fe,kylele3221,2025-10-09,23:04:20,-07:00,2025-10-09T23:04:20-07:00,1,12
style.css,157,css,ae8095fe,kylele3221,2025-10-09,23:04:20,-07:00,2025-10-09T23:04:20-07:00,1,26
style.css,158,css,ae8095fe,kylele3221,2025-10-09,23:04:20,-07:00,2025-10-09T23:04:20-07:00,1,15
style.css,159,css,ae8095fe,kylele3221,2025-10-09,23:04:20,-07:00,2025-10-09T23:04:20-07:00,1,7
style.css,160,css,fd2edb35,kylele3221,2025-10-09,23:15:05,-07:00,2025-10-09T23:15:05-07:00,1,12
style.css,161,css,fd2edb35,kylele3221,2025-10-09,23:15:05,-07:00,2025-10-09T23:15:05-07:00,1,30
style.css,162,css,fd2edb35,kylele3221,2025-10-09,23:15:05,-07:00,2025-10-09T23:15:05-07:00,1,20
style.css,163,css,fd2edb35,kylele3221,2025-10-09,23:15:05,-07:00,2025-10-09T23:15:05-07:00,1,25
style.css,164,css,ae8095fe,kylele3221,2025-10-09,23:04:20,-07:00,2025-10-09T23:04:20-07:00,0,0
style.css,165,css,ae8095fe,kylele3221,2025-10-09,23:04:20,-07:00,2025-10-09T23:04:20-07:00,0,0
style.css,166,css,fd2edb35,kylele3221,2025-10-09,23:15:05,-07:00,2025-10-09T23:15:05-07:00,0,43
style.css,167,css,a6c326be,kylele3221,2025-10-16,07:43:09,-07:00,2025-10-16T07:43:09-07:00,1,17
style.css,168,css,a6c326be,kylele3221,2025-10-16,07:43:09,-07:00,2025-10-16T07:43:09-07:00,2,32
style.css,169,css,a6c326be,kylele3221,2025-10-16,07:43:09,-07:00,2025-10-16T07:43:09-07:00,1,0
style.css,170,css,ae8095fe,kylele3221,2025-10-09,23:04:20,-07:00,2025-10-09T23:04:20-07:00,0,0
style.css,171,css,3328114c,kylele3221,2025-10-09,23:06:15,-07:00,2025-10-09T23:06:15-07:00,0,0
style.css,172,css,a6c326be,kylele3221,2025-10-16,07:43:09,-07:00,2025-10-16T07:43:09-07:00,0,12
style.css,173,css,a6c326be,kylele3221,2025-10-16,07:43:09,-07:00,2025-10-16T07:43:09-07:00,1,8
style.css,174,css,a6c326be,kylele3221,2025-10-16,07:43:09,-07:00,2025-10-16T07:43:09-07:00,0,0
style.css,175,css,3b2fc165,kylele3221,2025-10-09,23:25:31,-07:00,2025-10-09T23:25:31-07:00,0,0
style.css,176,css,3b2fc165,kylele3221,2025-10-09,23:25:31,-07:00,2025-10-09T23:25:31-07:00,0,13
style.css,177,css,3b2fc165,kylele3221,2025-10-09,23:25:31,-07:00,2025-10-09T23:25:31-07:00,1,10
style.css,178,css,3b2fc165,kylele3221,2025-10-09,23:25:31,-07:00,2025-10-09T23:25:31-07:00,1,11
style.css,179,css,3b2fc165,kylele3221,2025-10-09,23:25:31,-07:00,2025-10-09T23:25:31-07:00,1,19
style.css,180,css,3b2fc165,kylele3221,2025-10-09,23:25:31,-07:00,2025-10-09T23:25:31-07:00,1,16
style.css,181,css,3b2fc165,kylele3221,2025-10-09,23:25:31,-07:00,2025-10-09T23:25:31-07:00,1,13
style.css,182,css,3b2fc165,kylele3221,2025-10-09,23:25:31,-07:00,2025-10-09T23:25:31-07:00,1,20
style.css,183,css,3b2fc165,kylele3221,2025-10-09,23:25:31,-07:00,2025-10-09T23:25:31-07:00,0,0
style.css,184,css,fd2edb35,kylele3221,2025-10-09,23:15:05,-07:00,2025-10-09T23:15:05-07:00,0,0
style.css,185,css,a6c326be,kylele3221,2025-10-16,07:43:09,-07:00,2025-10-16T07:43:09-07:00,0,3
style.css,186,css,a6c326be,kylele3221,2025-10-16,07:43:09,-07:00,2025-10-16T07:43:09-07:00,1,12
style.css,187,css,a6c326be,kylele3221,2025-10-16,07:43:09,-07:00,2025-10-16T07:43:09-07:00,1,10
style.css,188,css,a6c326be,kylele3221,2025-10-16,07:43:09,-07:00,2025-10-16T07:43:09-07:00,0,0
style.css,189,css,3328114c,kylele3221,2025-10-09,23:06:15,-07:00,2025-10-09T23:06:15-07:00,0,0
style.css,190,css,3b2fc165,kylele3221,2025-10-09,23:25:31,-07:00,2025-10-09T23:25:31-07:00,0,25
style.css,191,css,fd2edb35,kylele3221,2025-10-09,23:15:05,-07:00,2025-10-09T23:15:05-07:00,1,3
style.css,192,css,fd2edb35,kylele3221,2025-10-09,23:15:05,-07:00,2025-10-09T23:15:05-07:00,2,31
style.css,193,css,fd2edb35,kylele3221,2025-10-09,23:15:05,-07:00,2025-10-09T23:15:05-07:00,2,17
style.css,194,css,fd2edb35,kylele3221,2025-10-09,23:15:05,-07:00,2025-10-09T23:15:05-07:00,1,0
style.css,195,css,3b2fc165,kylele3221,2025-10-09,23:25:31,-07:00,2025-10-09T23:25:31-07:00,1,12
style.css,196,css,3b2fc165,kylele3221,2025-10-09,23:25:31,-07:00,2025-10-09T23:25:31-07:00,2,15
style.css,197,css,3b2fc165,kylele3221,2025-10-09,23:25:31,-07:00,2025-10-09T23:25:31-07:00,2,8
style.css,198,css,3b2fc165,kylele3221,2025-10-09,23:25:31,-07:00,2025-10-09T23:25:31-07:00,2,16
style.css,199,css,3b2fc165,kylele3221,2025-10-09,23:25:31,-07:00,2025-10-09T23:25:31-07:00,1,0
style.css,200,css,3328114c,kylele3221,2025-10-09,23:06:15,-07:00,2025-10-09T23:06:15-07:00,0,0
style.css,201,css,3328114c,kylele3221,2025-10-09,23:06:15,-07:00,2025-10-09T23:06:15-07:00,0,0
style.css,202,css,fd2edb35,kylele3221,2025-10-09,23:15:05,-07:00,2025-10-09T23:15:05-07:00,0,10
style.css,203,css,3b2fc165,kylele3221,2025-10-09,23:25:31,-07:00,2025-10-09T23:25:31-07:00,0,10
style.css,204,css,3b2fc165,kylele3221,2025-10-09,23:25:31,-07:00,2025-10-09T23:25:31-07:00,0,22
style.css,205,css,fd2edb35,kylele3221,2025-10-09,23:15:05,-07:00,2025-10-09T23:15:05-07:00,1,12
style.css,206,css,fd2edb35,kylele3221,2025-10-09,23:15:05,-07:00,2025-10-09T23:15:05-07:00,1,30
style.css,207,css,fd2edb35,kylele3221,2025-10-09,23:15:05,-07:00,2025-10-09T23:15:05-07:00,1,20
style.css,208,css,fd2edb35,kylele3221,2025-10-09,23:15:05,-07:00,2025-10-09T23:15:05-07:00,1,25
style.css,209,css,3328114c,kylele3221,2025-10-09,23:06:15,-07:00,2025-10-09T23:06:15-07:00,0,0
style.css,210,css,fd2edb35,kylele3221,2025-10-09,23:15:05,-07:00,2025-10-09T23:15:05-07:00,0,0
style.css,211,css,a6c326be,kylele3221,2025-10-16,07:43:09,-07:00,2025-10-16T07:43:09-07:00,0,32
style.css,212,css,a6c326be,kylele3221,2025-10-16,07:43:09,-07:00,2025-10-16T07:43:09-07:00,1,15
style.css,213,css,a6c326be,kylele3221,2025-10-16,07:43:09,-07:00,2025-10-16T07:43:09-07:00,0,0
style.css,214,css,3b2fc165,kylele3221,2025-10-09,23:25:31,-07:00,2025-10-09T23:25:31-07:00,0,0
style.css,215,css,a6c326be,kylele3221,2025-10-16,07:43:09,-07:00,2025-10-16T07:43:09-07:00,0,6
style.css,216,css,a6c326be,kylele3221,2025-10-16,07:43:09,-07:00,2025-10-16T07:43:09-07:00,1,12
style.css,217,css,a6c326be,kylele3221,2025-10-16,07:43:09,-07:00,2025-10-16T07:43:09-07:00,0,0
style.css,218,css,adaf491f,kylele3221,2025-10-15,14:33:47,-07:00,2025-10-15T14:33:47-07:00,0,0
style.css,219,css,adaf491f,kylele3221,2025-10-15,14:33:47,-07:00,2025-10-15T14:33:47-07:00,0,13
style.css,220,css,66b20d76,kylele3221,2025-10-16,07:05:43,-07:00,2025-10-16T07:05:43-07:00,1,14
style.css,221,css,adaf491f,kylele3221,2025-10-15,14:33:47,-07:00,2025-10-15T14:33:47-07:00,1,8
style.css,222,css,adaf491f,kylele3221,2025-10-15,14:33:47,-07:00,2025-10-15T14:33:47-07:00,1,10
style.css,223,css,adaf491f,kylele3221,2025-10-15,14:33:47,-07:00,2025-10-15T14:33:47-07:00,1,13
style.css,224,css,66b20d76,kylele3221,2025-10-16,07:05:43,-07:00,2025-10-16T07:05:43-07:00,1,25
style.css,225,css,66b20d76,kylele3221,2025-10-16,07:05:43,-07:00,2025-10-16T07:05:43-07:00,1,30
style.css,226,css,66b20d76,kylele3221,2025-10-16,07:05:43,-07:00,2025-10-16T07:05:43-07:00,1,20
style.css,227,css,66b20d76,kylele3221,2025-10-16,07:05:43,-07:00,2025-10-16T07:05:43-07:00,1,22
style.css,228,css,66b20d76,kylele3221,2025-10-16,07:05:43,-07:00,2025-10-16T07:05:43-07:00,1,12
style.css,229,css,adaf491f,kylele3221,2025-10-15,14:33:47,-07:00,2025-10-15T14:33:47-07:00,0,0
style.css,230,css,adaf491f,kylele3221,2025-10-15,14:33:47,-07:00,2025-10-15T14:33:47-07:00,0,0
style.css,231,css,66b20d76,kylele3221,2025-10-16,07:05:43,-07:00,2025-10-16T07:05:43-07:00,0,20
style.css,232,css,adaf491f,kylele3221,2025-10-15,14:33:47,-07:00,2025-10-15T14:33:47-07:00,1,12
style.css,233,css,5e96af72,kylele3221,2025-10-16,07:47:23,-07:00,2025-10-16T07:47:23-07:00,1,20
style.css,234,css,5e96af72,kylele3221,2025-10-16,07:47:23,-07:00,2025-10-16T07:47:23-07:00,1,17
style.css,235,css,5e96af72,kylele3221,2025-10-16,07:47:23,-07:00,2025-10-16T07:47:23-07:00,1,16
style.css,236,css,a6c326be,kylele3221,2025-10-16,07:43:09,-07:00,2025-10-16T07:43:09-07:00,1,30
style.css,237,css,a6c326be,kylele3221,2025-10-16,07:43:09,-07:00,2025-10-16T07:43:09-07:00,1,20
style.css,238,css,a6c326be,kylele3221,2025-10-16,07:43:09,-07:00,2025-10-16T07:43:09-07:00,1,22
style.css,239,css,a6c326be,kylele3221,2025-10-16,07:43:09,-07:00,2025-10-16T07:43:09-07:00,0,0
style.css,240,css,a6c326be,kylele3221,2025-10-16,07:43:09,-07:00,2025-10-16T07:43:09-07:00,0,0
style.css,241,css,879a75ee,Kyle Le,2025-10-31,14:14:00,-07:00,2025-10-31T14:14:00-07:00,0,13
style.css,242,css,879a75ee,Kyle Le,2025-10-31,14:14:00,-07:00,2025-10-31T14:14:00-07:00,1,10
style.css,243,css,879a75ee,Kyle Le,2025-10-31,14:14:00,-07:00,2025-10-31T14:14:00-07:00,1,16
style.css,244,css,879a75ee,Kyle Le,2025-10-31,14:14:00,-07:00,2025-10-31T14:14:00-07:00,1,75
style.css,245,css,879a75ee,Kyle Le,2025-10-31,14:14:00,-07:00,2025-10-31T14:14:00-07:00,1,34
style.css,246,css,879a75ee,Kyle Le,2025-10-31,14:14:00,-07:00,2025-10-31T14:14:00-07:00,1,18
style.css,247,css,879a75ee,Kyle Le,2025-10-31,14:14:00,-07:00,2025-10-31T14:14:00-07:00,0,0
style.css,248,css,879a75ee,Kyle Le,2025-10-31,14:14:00,-07:00,2025-10-31T14:14:00-07:00,0,0
style.css,249,css,879a75ee,Kyle Le,2025-10-31,14:14:00,-07:00,2025-10-31T14:14:00-07:00,0,0
style.css,250,css,a6c326be,kylele3221,2025-10-16,07:43:09,-07:00,2025-10-16T07:43:09-07:00,0,27
style.css,251,css,5e96af72,kylele3221,2025-10-16,07:47:23,-07:00,2025-10-16T07:47:23-07:00,1,17
style.css,252,css,5e96af72,kylele3221,2025-10-16,07:47:23,-07:00,2025-10-16T07:47:23-07:00,1,16
style.css,253,css,adaf491f,kylele3221,2025-10-15,14:33:47,-07:00,2025-10-15T14:33:47-07:00,0,0
style.css,254,css,dad23907,Kyle Le,2025-10-31,14:45:08,-07:00,2025-10-31T14:45:08-07:00,0,0
style.css,255,css,dad23907,Kyle Le,2025-10-31,14:45:08,-07:00,2025-10-31T14:45:08-07:00,0,18
style.css,256,css,dad23907,Kyle Le,2025-10-31,14:45:08,-07:00,2025-10-31T14:45:08-07:00,1,14
style.css,257,css,dad23907,Kyle Le,2025-10-31,14:45:08,-07:00,2025-10-31T14:45:08-07:00,1,16
style.css,258,css,dad23907,Kyle Le,2025-10-31,14:45:08,-07:00,2025-10-31T14:45:08-07:00,1,16
style.css,259,css,dad23907,Kyle Le,2025-10-31,14:45:08,-07:00,2025-10-31T14:45:08-07:00,0,0
style.css,260,css,8c948a14,Kyle Le,2025-10-31,18:40:53,-07:00,2025-10-31T18:40:53-07:00,0,0
style.css,261,css,8c948a14,Kyle Le,2025-10-31,18:40:53,-07:00,2025-10-31T18:40:53-07:00,0,7
style.css,262,css,8c948a14,Kyle Le,2025-10-31,18:40:53,-07:00,2025-10-31T18:40:53-07:00,1,12
style.css,263,css,8c948a14,Kyle Le,2025-10-31,18:40:53,-07:00,2025-10-31T18:40:53-07:00,1,57
style.css,264,css,8c948a14,Kyle Le,2025-10-31,18:40:53,-07:00,2025-10-31T18:40:53-07:00,1,11
style.css,265,css,8c948a14,Kyle Le,2025-10-31,18:40:53,-07:00,2025-10-31T18:40:53-07:00,1,19
style.css,266,css,8c948a14,Kyle Le,2025-10-31,18:40:53,-07:00,2025-10-31T18:40:53-07:00,1,12
style.css,267,css,8c948a14,Kyle Le,2025-10-31,18:40:53,-07:00,2025-10-31T18:40:53-07:00,1,21
style.css,268,css,8c948a14,Kyle Le,2025-10-31,18:40:53,-07:00,2025-10-31T18:40:53-07:00,1,20
style.css,269,css,8c948a14,Kyle Le,2025-10-31,18:40:53,-07:00,2025-10-31T18:40:53-07:00,0,0
style.css,270,css,8c948a14,Kyle Le,2025-10-31,18:40:53,-07:00,2025-10-31T18:40:53-07:00,0,0
style.css,271,css,8c948a14,Kyle Le,2025-10-31,18:40:53,-07:00,2025-10-31T18:40:53-07:00,0,10
style.css,272,css,8c948a14,Kyle Le,2025-10-31,18:40:53,-07:00,2025-10-31T18:40:53-07:00,1,12
style.css,273,css,8c948a14,Kyle Le,2025-10-31,18:40:53,-07:00,2025-10-31T18:40:53-07:00,1,18
style.css,274,css,8c948a14,Kyle Le,2025-10-31,18:40:53,-07:00,2025-10-31T18:40:53-07:00,1,10
style.css,275,css,8c948a14,Kyle Le,2025-10-31,18:40:53,-07:00,2025-10-31T18:40:53-07:00,1,15
style.css,276,css,8c948a14,Kyle Le,2025-10-31,18:40:53,-07:00,2025-10-31T18:40:53-07:00,0,0
style.css,277,css,8c948a14,Kyle Le,2025-10-31,18:40:53,-07:00,2025-10-31T18:40:53-07:00,0,0
style.css,278,css,8c948a14,Kyle Le,2025-10-31,18:40:53,-07:00,2025-10-31T18:40:53-07:00,0,15
style.css,279,css,8c948a14,Kyle Le,2025-10-31,18:40:53,-07:00,2025-10-31T18:40:53-07:00,1,10
style.css,280,css,8c948a14,Kyle Le,2025-10-31,18:40:53,-07:00,2025-10-31T18:40:53-07:00,1,11
style.css,281,css,8c948a14,Kyle Le,2025-10-31,18:40:53,-07:00,2025-10-31T18:40:53-07:00,1,23
style.css,282,css,8c948a14,Kyle Le,2025-10-31,18:40:53,-07:00,2025-10-31T18:40:53-07:00,1,21
style.css,283,css,8c948a14,Kyle Le,2025-10-31,18:40:53,-07:00,2025-10-31T18:40:53-07:00,1,20
style.css,284,css,8c948a14,Kyle Le,2025-10-31,18:40:53,-07:00,2025-10-31T18:40:53-07:00,0,0
style.css,285,css,8c948a14,Kyle Le,2025-10-31,18:40:53,-07:00,2025-10-31T18:40:53-07:00,0,0
style.css,286,css,900da3df,Kyle Le,2025-10-31,18:43:54,-07:00,2025-10-31T18:43:54-07:00,0,10
style.css,287,css,900da3df,Kyle Le,2025-10-31,18:43:54,-07:00,2025-10-31T18:43:54-07:00,1,12
style.css,288,css,900da3df,Kyle Le,2025-10-31,18:43:54,-07:00,2025-10-31T18:43:54-07:00,1,18
style.css,289,css,900da3df,Kyle Le,2025-10-31,18:43:54,-07:00,2025-10-31T18:43:54-07:00,1,8
style.css,290,css,900da3df,Kyle Le,2025-10-31,18:43:54,-07:00,2025-10-31T18:43:54-07:00,0,0
style.css,291,css,900da3df,Kyle Le,2025-10-31,18:43:54,-07:00,2025-10-31T18:43:54-07:00,0,0
style.css,292,css,900da3df,Kyle Le,2025-10-31,18:43:54,-07:00,2025-10-31T18:43:54-07:00,0,7
style.css,293,css,900da3df,Kyle Le,2025-10-31,18:43:54,-07:00,2025-10-31T18:43:54-07:00,1,6
style.css,294,css,900da3df,Kyle Le,2025-10-31,18:43:54,-07:00,2025-10-31T18:43:54-07:00,0,0
style.css,295,css,900da3df,Kyle Le,2025-10-31,18:43:54,-07:00,2025-10-31T18:43:54-07:00,0,0
style.css,296,css,cf6e0e6b,Kyle Le,2025-10-31,20:36:39,-07:00,2025-10-31T20:36:39-07:00,0,23
style.css,297,css,cf6e0e6b,Kyle Le,2025-10-31,20:36:39,-07:00,2025-10-31T20:36:39-07:00,1,16
style.css,298,css,cf6e0e6b,Kyle Le,2025-10-31,20:36:39,-07:00,2025-10-31T20:36:39-07:00,0,0
style.css,299,css,cf6e0e6b,Kyle Le,2025-10-31,20:36:39,-07:00,2025-10-31T20:36:39-07:00,0,0
style.css,300,css,cf6e0e6b,Kyle Le,2025-10-31,20:36:39,-07:00,2025-10-31T20:36:39-07:00,0,51
style.css,301,css,cf6e0e6b,Kyle Le,2025-10-31,20:36:39,-07:00,2025-10-31T20:36:39-07:00,1,11
style.css,302,css,cf6e0e6b,Kyle Le,2025-10-31,20:36:39,-07:00,2025-10-31T20:36:39-07:00,0,0
style.css,303,css,cf6e0e6b,Kyle Le,2025-10-31,20:36:39,-07:00,2025-10-31T20:36:39-07:00,0,0
style.css,304,css,900da3df,Kyle Le,2025-10-31,18:43:54,-07:00,2025-10-31T18:43:54-07:00,0,0
style.css,305,css,4ff4189f,Kyle Le,2025-10-31,20:50:38,-07:00,2025-10-31T20:50:38-07:00,0,23
style.css,306,css,4ff4189f,Kyle Le,2025-10-31,20:50:38,-07:00,2025-10-31T20:50:38-07:00,1,14
style.css,307,css,4ff4189f,Kyle Le,2025-10-31,20:50:38,-07:00,2025-10-31T20:50:38-07:00,0,0
style.css,308,css,4ff4189f,Kyle Le,2025-10-31,20:50:38,-07:00,2025-10-31T20:50:38-07:00,0,0
style.css,309,css,4ff4189f,Kyle Le,2025-10-31,20:50:38,-07:00,2025-10-31T20:50:38-07:00,0,9
style.css,310,css,4ff4189f,Kyle Le,2025-10-31,20:50:38,-07:00,2025-10-31T20:50:38-07:00,1,25
style.css,311,css,4ff4189f,Kyle Le,2025-10-31,20:50:38,-07:00,2025-10-31T20:50:38-07:00,0,0
style.css,312,css,4ff4189f,Kyle Le,2025-10-31,20:50:38,-07:00,2025-10-31T20:50:38-07:00,0,0
style.css,313,css,4ff4189f,Kyle Le,2025-10-31,20:50:38,-07:00,2025-10-31T20:50:38-07:00,0,32
style.css,314,css,4ff4189f,Kyle Le,2025-10-31,20:50:38,-07:00,2025-10-31T20:50:38-07:00,1,17
style.css,315,css,4ff4189f,Kyle Le,2025-10-31,20:50:38,-07:00,2025-10-31T20:50:38-07:00,0,0
style.css,316,css,4ff4189f,Kyle Le,2025-10-31,20:50:38,-07:00,2025-10-31T20:50:38-07:00,0,0
style.css,317,css,4ff4189f,Kyle Le,2025-10-31,20:50:38,-07:00,2025-10-31T20:50:38-07:00,0,27
style.css,318,css,4ff4189f,Kyle Le,2025-10-31,20:50:38,-07:00,2025-10-31T20:50:38-07:00,1,23
style.css,319,css,4ff4189f,Kyle Le,2025-10-31,20:50:38,-07:00,2025-10-31T20:50:38-07:00,0,0
style.css,320,css,4ff4189f,Kyle Le,2025-10-31,20:50:38,-07:00,2025-10-31T20:50:38-07:00,0,0
style.css,321,css,4ff4189f,Kyle Le,2025-10-31,20:50:38,-07:00,2025-10-31T20:50:38-07:00,0,0
index.js,1,js,66537a65,Kyle Le,2025-10-24,13:59:51,-07:00,2025-10-24T13:59:51-07:00,0,71
index.js,2,js,66537a65,Kyle Le,2025-10-24,13:59:51,-07:00,2025-10-24T13:59:51-07:00,0,0
index.js,3,js,a9aca95a,Kyle Le,2025-10-24,14:50:20,-07:00,2025-10-24T14:50:20-07:00,0,57
index.js,4,js,66537a65,Kyle Le,2025-10-24,13:59:51,-07:00,2025-10-24T13:59:51-07:00,0,27
index.js,5,js,a9aca95a,Kyle Le,2025-10-24,14:50:20,-07:00,2025-10-24T14:50:20-07:00,0,0
index.js,6,js,66537a65,Kyle Le,2025-10-24,13:59:51,-07:00,2025-10-24T13:59:51-07:00,0,56
index.js,7,js,66537a65,Kyle Le,2025-10-24,13:59:51,-07:00,2025-10-24T13:59:51-07:00,0,61
index.js,8,js,66537a65,Kyle Le,2025-10-24,13:59:51,-07:00,2025-10-24T13:59:51-07:00,0,0
index.js,9,js,66537a65,Kyle Le,2025-10-24,13:59:51,-07:00,2025-10-24T13:59:51-07:00,0,60
index.js,10,js,66537a65,Kyle Le,2025-10-24,13:59:51,-07:00,2025-10-24T13:59:51-07:00,0,17
index.js,11,js,66537a65,Kyle Le,2025-10-24,13:59:51,-07:00,2025-10-24T13:59:51-07:00,1,44
index.js,12,js,66537a65,Kyle Le,2025-10-24,13:59:51,-07:00,2025-10-24T13:59:51-07:00,1,24
index.js,13,js,66537a65,Kyle Le,2025-10-24,13:59:51,-07:00,2025-10-24T13:59:51-07:00,2,2
index.js,14,js,66537a65,Kyle Le,2025-10-24,13:59:51,-07:00,2025-10-24T13:59:51-07:00,3,46
index.js,15,js,66537a65,Kyle Le,2025-10-24,13:59:51,-07:00,2025-10-24T13:59:51-07:00,3,46
index.js,16,js,66537a65,Kyle Le,2025-10-24,13:59:51,-07:00,2025-10-24T13:59:51-07:00,3,40
index.js,17,js,66537a65,Kyle Le,2025-10-24,13:59:51,-07:00,2025-10-24T13:59:51-07:00,3,40
index.js,18,js,66537a65,Kyle Le,2025-10-24,13:59:51,-07:00,2025-10-24T13:59:51-07:00,2,3
index.js,19,js,66537a65,Kyle Le,2025-10-24,13:59:51,-07:00,2025-10-24T13:59:51-07:00,1,0
index.js,20,js,66537a65,Kyle Le,2025-10-24,13:59:51,-07:00,2025-10-24T13:59:51-07:00,0,0
index.js,21,js,0df5c740,Kyle Le,2025-10-24,21:15:15,-07:00,2025-10-24T21:15:15-07:00,0,0
index.html,1,html,86f8a147,kylele3221,2025-09-29,20:05:16,-07:00,2025-09-29T20:05:16-07:00,0,13
index.html,2,html,86f8a147,kylele3221,2025-09-29,20:05:16,-07:00,2025-09-29T20:05:16-07:00,0,14
index.html,3,html,86f8a147,kylele3221,2025-09-29,20:05:16,-07:00,2025-09-29T20:05:16-07:00,0,4
index.html,4,html,86f8a147,kylele3221,2025-09-29,20:05:16,-07:00,2025-09-29T20:05:16-07:00,2,20
index.html,5,html,86f8a147,kylele3221,2025-09-29,20:05:16,-07:00,2025-09-29T20:05:16-07:00,2,68
index.html,6,html,86f8a147,kylele3221,2025-09-29,20:05:16,-07:00,2025-09-29T20:05:16-07:00,2,20
index.html,7,html,cce1ada3,kylele3221,2025-09-29,21:03:46,-07:00,2025-09-29T21:03:46-07:00,2,38
index.html,8,html,86f8a147,kylele3221,2025-09-29,20:05:16,-07:00,2025-09-29T20:05:16-07:00,0,5
index.html,9,html,86f8a147,kylele3221,2025-09-29,20:05:16,-07:00,2025-09-29T20:05:16-07:00,0,4
index.html,10,html,86f8a147,kylele3221,2025-09-29,20:05:16,-07:00,2025-09-29T20:05:16-07:00,2,14
index.html,11,html,86f8a147,kylele3221,2025-09-29,20:05:16,-07:00,2025-09-29T20:05:16-07:00,2,59
index.html,12,html,23950ba1,kylele3221,2025-09-29,20:56:20,-07:00,2025-09-29T20:56:20-07:00,2,42
index.html,13,html,30e06c93,kylele3221,2025-09-30,16:05:49,-07:00,2025-09-30T16:05:49-07:00,2,52
index.html,14,html,a48577bb,Kyle Le,2025-10-24,13:59:06,-07:00,2025-10-24T13:59:06-07:00,2,22
index.html,15,html,a48577bb,Kyle Le,2025-10-24,13:59:06,-07:00,2025-10-24T13:59:06-07:00,2,26
index.html,16,html,f41eab5a,Kyle Le,2025-10-31,14:51:58,-07:00,2025-10-31T14:51:58-07:00,2,58
index.html,17,html,f41eab5a,Kyle Le,2025-10-31,14:51:58,-07:00,2025-10-31T14:51:58-07:00,0,0
index.html,18,html,a48577bb,Kyle Le,2025-10-24,13:59:06,-07:00,2025-10-24T13:59:06-07:00,2,13
index.html,19,html,a48577bb,Kyle Le,2025-10-24,13:59:06,-07:00,2025-10-24T13:59:06-07:00,2,36
index.html,20,html,a48577bb,Kyle Le,2025-10-24,13:59:06,-07:00,2025-10-24T13:59:06-07:00,2,46
index.html,21,html,f3b20519,Kyle Le,2025-10-31,18:10:20,-07:00,2025-10-31T18:10:20-07:00,0,0
index.html,22,html,a48577bb,Kyle Le,2025-10-24,13:59:06,-07:00,2025-10-24T13:59:06-07:00,0,0
index.html,23,html,86f8a147,kylele3221,2025-09-29,20:05:16,-07:00,2025-09-29T20:05:16-07:00,0,5
index.html,24,html,a48577bb,Kyle Le,2025-10-24,13:59:06,-07:00,2025-10-24T13:59:06-07:00,0,5
global.js,1,js,7a465447,kylele3221,2025-10-15,13:33:16,-07:00,2025-10-15T13:33:16-07:00,0,25
global.js,2,js,7a465447,kylele3221,2025-10-15,13:33:16,-07:00,2025-10-15T13:33:16-07:00,0,0
global.js,3,js,7a465447,kylele3221,2025-10-15,13:33:16,-07:00,2025-10-15T13:33:16-07:00,0,41
global.js,4,js,7a465447,kylele3221,2025-10-15,13:33:16,-07:00,2025-10-15T13:33:16-07:00,1,52
global.js,5,js,b749afc5,kylele3221,2025-10-15,13:51:40,-07:00,2025-10-15T13:51:40-07:00,0,0
global.js,6,js,b749afc5,kylele3221,2025-10-15,13:51:40,-07:00,2025-10-15T13:51:40-07:00,0,0
global.js,7,js,001eec77,kylele3221,2025-10-15,14:16:09,-07:00,2025-10-15T14:16:09-07:00,0,30
global.js,8,js,001eec77,kylele3221,2025-10-15,14:16:09,-07:00,2025-10-15T14:16:09-07:00,0,33
global.js,9,js,001eec77,kylele3221,2025-10-15,14:16:09,-07:00,2025-10-15T14:16:09-07:00,0,70
global.js,10,js,001eec77,kylele3221,2025-10-15,14:16:09,-07:00,2025-10-15T14:16:09-07:00,0,3
global.js,11,js,001eec77,kylele3221,2025-10-15,14:16:09,-07:00,2025-10-15T14:16:09-07:00,0,39
global.js,12,js,80370242,kylele3221,2025-10-15,13:54:13,-07:00,2025-10-15T13:54:13-07:00,0,0
global.js,13,js,001eec77,kylele3221,2025-10-15,14:16:09,-07:00,2025-10-15T14:16:09-07:00,0,111
global.js,14,js,001eec77,kylele3221,2025-10-15,14:16:09,-07:00,2025-10-15T14:16:09-07:00,0,55
global.js,15,js,80370242,kylele3221,2025-10-15,13:54:13,-07:00,2025-10-15T13:54:13-07:00,0,0
global.js,16,js,001eec77,kylele3221,2025-10-15,14:16:09,-07:00,2025-10-15T14:16:09-07:00,0,11
global.js,17,js,001eec77,kylele3221,2025-10-15,14:16:09,-07:00,2025-10-15T14:16:09-07:00,1,35
global.js,18,js,001eec77,kylele3221,2025-10-15,14:16:09,-07:00,2025-10-15T14:16:09-07:00,1,39
global.js,19,js,001eec77,kylele3221,2025-10-15,14:16:09,-07:00,2025-10-15T14:16:09-07:00,1,37
global.js,20,js,001eec77,kylele3221,2025-10-15,14:16:09,-07:00,2025-10-15T14:16:09-07:00,1,38
global.js,21,js,fc3d0d0b,Kyle Le,2025-11-06,21:59:46,-08:00,2025-11-06T21:59:46-08:00,1,35
global.js,22,js,001eec77,kylele3221,2025-10-15,14:16:09,-07:00,2025-10-15T14:16:09-07:00,1,56
global.js,23,js,001eec77,kylele3221,2025-10-15,14:16:09,-07:00,2025-10-15T14:16:09-07:00,0,0
global.js,24,js,001eec77,kylele3221,2025-10-15,14:16:09,-07:00,2025-10-15T14:16:09-07:00,0,0
global.js,25,js,fc3d0d0b,Kyle Le,2025-11-06,21:59:46,-08:00,2025-11-06T21:59:46-08:00,0,0
global.js,26,js,001eec77,kylele3221,2025-10-15,14:16:09,-07:00,2025-10-15T14:16:09-07:00,0,38
global.js,27,js,001eec77,kylele3221,2025-10-15,14:16:09,-07:00,2025-10-15T14:16:09-07:00,0,25
global.js,28,js,001eec77,kylele3221,2025-10-15,14:16:09,-07:00,2025-10-15T14:16:09-07:00,0,0
global.js,29,js,001eec77,kylele3221,2025-10-15,14:16:09,-07:00,2025-10-15T14:16:09-07:00,0,20
global.js,30,js,001eec77,kylele3221,2025-10-15,14:16:09,-07:00,2025-10-15T14:16:09-07:00,1,14
global.js,31,js,001eec77,kylele3221,2025-10-15,14:16:09,-07:00,2025-10-15T14:16:09-07:00,1,18
global.js,32,js,001eec77,kylele3221,2025-10-15,14:16:09,-07:00,2025-10-15T14:16:09-07:00,1,52
global.js,33,js,001eec77,kylele3221,2025-10-15,14:16:09,-07:00,2025-10-15T14:16:09-07:00,0,0
global.js,34,js,001eec77,kylele3221,2025-10-15,14:16:09,-07:00,2025-10-15T14:16:09-07:00,1,34
global.js,35,js,001eec77,kylele3221,2025-10-15,14:16:09,-07:00,2025-10-15T14:16:09-07:00,1,11
global.js,36,js,001eec77,kylele3221,2025-10-15,14:16:09,-07:00,2025-10-15T14:16:09-07:00,1,20
global.js,37,js,001eec77,kylele3221,2025-10-15,14:16:09,-07:00,2025-10-15T14:16:09-07:00,0,0
global.js,38,js,001eec77,kylele3221,2025-10-15,14:16:09,-07:00,2025-10-15T14:16:09-07:00,1,87
global.js,39,js,001eec77,kylele3221,2025-10-15,14:16:09,-07:00,2025-10-15T14:16:09-07:00,2,25
global.js,40,js,001eec77,kylele3221,2025-10-15,14:16:09,-07:00,2025-10-15T14:16:09-07:00,1,0
global.js,41,js,001eec77,kylele3221,2025-10-15,14:16:09,-07:00,2025-10-15T14:16:09-07:00,0,0
global.js,42,js,001eec77,kylele3221,2025-10-15,14:16:09,-07:00,2025-10-15T14:16:09-07:00,1,29
global.js,43,js,001eec77,kylele3221,2025-10-15,14:16:09,-07:00,2025-10-15T14:16:09-07:00,2,18
global.js,44,js,001eec77,kylele3221,2025-10-15,14:16:09,-07:00,2025-10-15T14:16:09-07:00,2,28
global.js,45,js,001eec77,kylele3221,2025-10-15,14:16:09,-07:00,2025-10-15T14:16:09-07:00,1,0
global.js,46,js,001eec77,kylele3221,2025-10-15,14:16:09,-07:00,2025-10-15T14:16:09-07:00,0,0
global.js,47,js,001eec77,kylele3221,2025-10-15,14:16:09,-07:00,2025-10-15T14:16:09-07:00,1,12
global.js,48,js,001eec77,kylele3221,2025-10-15,14:16:09,-07:00,2025-10-15T14:16:09-07:00,0,0
global.js,49,js,adaf491f,kylele3221,2025-10-15,14:33:47,-07:00,2025-10-15T14:33:47-07:00,0,0
global.js,50,js,adaf491f,kylele3221,2025-10-15,14:33:47,-07:00,2025-10-15T14:33:47-07:00,0,31
global.js,51,js,a698f7d4,kylele3221,2025-10-16,07:26:54,-07:00,2025-10-16T07:26:54-07:00,1,10
global.js,52,js,adaf491f,kylele3221,2025-10-15,14:33:47,-07:00,2025-10-15T14:33:47-07:00,1,0
global.js,53,js,adaf491f,kylele3221,2025-10-15,14:33:47,-07:00,2025-10-15T14:33:47-07:00,1,26
global.js,54,js,adaf491f,kylele3221,2025-10-15,14:33:47,-07:00,2025-10-15T14:33:47-07:00,2,4
global.js,55,js,adaf491f,kylele3221,2025-10-15,14:33:47,-07:00,2025-10-15T14:33:47-07:00,2,6
global.js,56,js,adaf491f,kylele3221,2025-10-15,14:33:47,-07:00,2025-10-15T14:33:47-07:00,3,43
global.js,57,js,adaf491f,kylele3221,2025-10-15,14:33:47,-07:00,2025-10-15T14:33:47-07:00,3,34
global.js,58,js,adaf491f,kylele3221,2025-10-15,14:33:47,-07:00,2025-10-15T14:33:47-07:00,3,32
global.js,59,js,adaf491f,kylele3221,2025-10-15,14:33:47,-07:00,2025-10-15T14:33:47-07:00,2,7
global.js,60,js,adaf491f,kylele3221,2025-10-15,14:33:47,-07:00,2025-10-15T14:33:47-07:00,1,6
global.js,61,js,adaf491f,kylele3221,2025-10-15,14:33:47,-07:00,2025-10-15T14:33:47-07:00,1,0
global.js,62,js,adaf491f,kylele3221,2025-10-15,14:33:47,-07:00,2025-10-15T14:33:47-07:00,0,0
global.js,63,js,adaf491f,kylele3221,2025-10-15,14:33:47,-07:00,2025-10-15T14:33:47-07:00,0,0
global.js,64,js,a698f7d4,kylele3221,2025-10-16,07:26:54,-07:00,2025-10-16T07:26:54-07:00,0,60
global.js,65,js,adaf491f,kylele3221,2025-10-15,14:33:47,-07:00,2025-10-15T14:33:47-07:00,0,0
global.js,66,js,adaf491f,kylele3221,2025-10-15,14:33:47,-07:00,2025-10-15T14:33:47-07:00,0,34
global.js,67,js,adaf491f,kylele3221,2025-10-15,14:33:47,-07:00,2025-10-15T14:33:47-07:00,1,38
global.js,68,js,adaf491f,kylele3221,2025-10-15,14:33:47,-07:00,2025-10-15T14:33:47-07:00,0,0
global.js,69,js,adaf491f,kylele3221,2025-10-15,14:33:47,-07:00,2025-10-15T14:33:47-07:00,0,0
global.js,70,js,a698f7d4,kylele3221,2025-10-16,07:26:54,-07:00,2025-10-16T07:26:54-07:00,0,27
global.js,71,js,a698f7d4,kylele3221,2025-10-16,07:26:54,-07:00,2025-10-16T07:26:54-07:00,1,42
global.js,72,js,a698f7d4,kylele3221,2025-10-16,07:26:54,-07:00,2025-10-16T07:26:54-07:00,2,64
global.js,73,js,a698f7d4,kylele3221,2025-10-16,07:26:54,-07:00,2025-10-16T07:26:54-07:00,1,6
global.js,74,js,a698f7d4,kylele3221,2025-10-16,07:26:54,-07:00,2025-10-16T07:26:54-07:00,2,60
global.js,75,js,a698f7d4,kylele3221,2025-10-16,07:26:54,-07:00,2025-10-16T07:26:54-07:00,1,0
global.js,76,js,a698f7d4,kylele3221,2025-10-16,07:26:54,-07:00,2025-10-16T07:26:54-07:00,0,0
global.js,77,js,a698f7d4,kylele3221,2025-10-16,07:26:54,-07:00,2025-10-16T07:26:54-07:00,0,0
global.js,78,js,a698f7d4,kylele3221,2025-10-16,07:26:54,-07:00,2025-10-16T07:26:54-07:00,0,24
global.js,79,js,a698f7d4,kylele3221,2025-10-16,07:26:54,-07:00,2025-10-16T07:26:54-07:00,0,0
global.js,80,js,a698f7d4,kylele3221,2025-10-16,07:26:54,-07:00,2025-10-16T07:26:54-07:00,0,39
global.js,81,js,a698f7d4,kylele3221,2025-10-16,07:26:54,-07:00,2025-10-16T07:26:54-07:00,1,40
global.js,82,js,a698f7d4,kylele3221,2025-10-16,07:26:54,-07:00,2025-10-16T07:26:54-07:00,1,26
global.js,83,js,adaf491f,kylele3221,2025-10-15,14:33:47,-07:00,2025-10-15T14:33:47-07:00,0,1
global.js,84,js,314bf9e2,Kyle Le,2025-10-24,00:00:49,-07:00,2025-10-24T00:00:49-07:00,0,0
global.js,85,js,314bf9e2,Kyle Le,2025-10-24,00:00:49,-07:00,2025-10-24T00:00:49-07:00,0,36
global.js,86,js,314bf9e2,Kyle Le,2025-10-24,00:00:49,-07:00,2025-10-24T00:00:49-07:00,1,3
global.js,87,js,314bf9e2,Kyle Le,2025-10-24,00:00:49,-07:00,2025-10-24T00:00:49-07:00,2,32
global.js,88,js,314bf9e2,Kyle Le,2025-10-24,00:00:49,-07:00,2025-10-24T00:00:49-07:00,2,17
global.js,89,js,314bf9e2,Kyle Le,2025-10-24,00:00:49,-07:00,2025-10-24T00:00:49-07:00,3,66
global.js,90,js,314bf9e2,Kyle Le,2025-10-24,00:00:49,-07:00,2025-10-24T00:00:49-07:00,2,0
global.js,91,js,314bf9e2,Kyle Le,2025-10-24,00:00:49,-07:00,2025-10-24T00:00:49-07:00,2,33
global.js,92,js,314bf9e2,Kyle Le,2025-10-24,00:00:49,-07:00,2025-10-24T00:00:49-07:00,2,10
global.js,93,js,314bf9e2,Kyle Le,2025-10-24,00:00:49,-07:00,2025-10-24T00:00:49-07:00,1,15
global.js,94,js,314bf9e2,Kyle Le,2025-10-24,00:00:49,-07:00,2025-10-24T00:00:49-07:00,2,59
global.js,95,js,314bf9e2,Kyle Le,2025-10-24,00:00:49,-07:00,2025-10-24T00:00:49-07:00,1,0
global.js,96,js,314bf9e2,Kyle Le,2025-10-24,00:00:49,-07:00,2025-10-24T00:00:49-07:00,0,0
global.js,97,js,314bf9e2,Kyle Le,2025-10-24,00:00:49,-07:00,2025-10-24T00:00:49-07:00,0,0
global.js,98,js,9efa2389,Kyle Le,2025-10-24,13:27:38,-07:00,2025-10-24T13:27:38-07:00,0,54
global.js,99,js,9efa2389,Kyle Le,2025-10-24,13:27:38,-07:00,2025-10-24T13:27:38-07:00,1,14
global.js,100,js,9efa2389,Kyle Le,2025-10-24,13:27:38,-07:00,2025-10-24T13:27:38-07:00,1,16
global.js,101,js,9efa2389,Kyle Le,2025-10-24,13:27:38,-07:00,2025-10-24T13:27:38-07:00,1,29
global.js,102,js,9efa2389,Kyle Le,2025-10-24,13:27:38,-07:00,2025-10-24T13:27:38-07:00,2,42
global.js,103,js,9efa2389,Kyle Le,2025-10-24,13:27:38,-07:00,2025-10-24T13:27:38-07:00,2,13
global.js,104,js,9efa2389,Kyle Le,2025-10-24,13:27:38,-07:00,2025-10-24T13:27:38-07:00,3,21
global.js,105,js,9efa2389,Kyle Le,2025-10-24,13:27:38,-07:00,2025-10-24T13:27:38-07:00,3,27
global.js,106,js,789505c4,Kyle Le,2025-10-31,14:13:33,-07:00,2025-10-31T14:13:33-07:00,3,3
global.js,107,js,789505c4,Kyle Le,2025-10-31,14:13:33,-07:00,2025-10-31T14:13:33-07:00,4,27
global.js,108,js,789505c4,Kyle Le,2025-10-31,14:13:33,-07:00,2025-10-31T14:13:33-07:00,4,54
global.js,109,js,789505c4,Kyle Le,2025-10-31,14:13:33,-07:00,2025-10-31T14:13:33-07:00,3,4
global.js,110,js,9efa2389,Kyle Le,2025-10-24,13:27:38,-07:00,2025-10-24T13:27:38-07:00,2,0
global.js,111,js,9efa2389,Kyle Le,2025-10-24,13:27:38,-07:00,2025-10-24T13:27:38-07:00,2,16
global.js,112,js,9efa2389,Kyle Le,2025-10-24,13:27:38,-07:00,2025-10-24T13:27:38-07:00,1,1
global.js,113,js,9efa2389,Kyle Le,2025-10-24,13:27:38,-07:00,2025-10-24T13:27:38-07:00,0,0
global.js,114,js,9efa2389,Kyle Le,2025-10-24,13:27:38,-07:00,2025-10-24T13:27:38-07:00,0,0
global.js,115,js,789505c4,Kyle Le,2025-10-31,14:13:33,-07:00,2025-10-31T14:13:33-07:00,0,0
global.js,116,js,b8fba86d,Kyle Le,2025-10-31,14:21:31,-07:00,2025-10-31T14:21:31-07:00,0,0
global.js,117,js,d8a32168,Kyle Le,2025-10-24,13:59:27,-07:00,2025-10-24T13:59:27-07:00,0,47
global.js,118,js,d8a32168,Kyle Le,2025-10-24,13:59:27,-07:00,2025-10-24T13:59:27-07:00,1,59
global.js,119,js,d8a32168,Kyle Le,2025-10-24,13:59:27,-07:00,2025-10-24T13:59:27-07:00,0,0
resume\index.html,1,html,d7357fa3,kylele3221,2025-09-30,16:23:16,-07:00,2025-09-30T16:23:16-07:00,0,13
resume\index.html,2,html,d7357fa3,kylele3221,2025-09-30,16:23:16,-07:00,2025-09-30T16:23:16-07:00,0,14
resume\index.html,3,html,d7357fa3,kylele3221,2025-09-30,16:23:16,-07:00,2025-09-30T16:23:16-07:00,0,4
resume\index.html,4,html,fd2edb35,kylele3221,2025-10-09,23:15:05,-07:00,2025-10-09T23:15:05-07:00,1,20
resume\index.html,5,html,fd2edb35,kylele3221,2025-10-09,23:15:05,-07:00,2025-10-09T23:15:05-07:00,1,68
resume\index.html,6,html,fd2edb35,kylele3221,2025-10-09,23:15:05,-07:00,2025-10-09T23:15:05-07:00,1,19
resume\index.html,7,html,fd2edb35,kylele3221,2025-10-09,23:15:05,-07:00,2025-10-09T23:15:05-07:00,1,41
resume\index.html,8,html,d7357fa3,kylele3221,2025-09-30,16:23:16,-07:00,2025-09-30T16:23:16-07:00,0,5
resume\index.html,9,html,d7357fa3,kylele3221,2025-09-30,16:23:16,-07:00,2025-09-30T16:23:16-07:00,0,4
resume\index.html,10,html,fd2edb35,kylele3221,2025-10-09,23:15:05,-07:00,2025-10-09T23:15:05-07:00,0,0
resume\index.html,11,html,fd2edb35,kylele3221,2025-10-09,23:15:05,-07:00,2025-10-09T23:15:05-07:00,1,13
resume\index.html,12,html,fd2edb35,kylele3221,2025-10-09,23:15:05,-07:00,2025-10-09T23:15:05-07:00,0,0
resume\index.html,13,html,fd2edb35,kylele3221,2025-10-09,23:15:05,-07:00,2025-10-09T23:15:05-07:00,1,15
resume\index.html,14,html,fd2edb35,kylele3221,2025-10-09,23:15:05,-07:00,2025-10-09T23:15:05-07:00,2,21
resume\index.html,15,html,fd2edb35,kylele3221,2025-10-09,23:15:05,-07:00,2025-10-09T23:15:05-07:00,3,7
resume\index.html,16,html,fd2edb35,kylele3221,2025-10-09,23:15:05,-07:00,2025-10-09T23:15:05-07:00,4,17
resume\index.html,17,html,fd2edb35,kylele3221,2025-10-09,23:15:05,-07:00,2025-10-09T23:15:05-07:00,4,147
resume\index.html,18,html,fd2edb35,kylele3221,2025-10-09,23:15:05,-07:00,2025-10-09T23:15:05-07:00,3,8
resume\index.html,19,html,fd2edb35,kylele3221,2025-10-09,23:15:05,-07:00,2025-10-09T23:15:05-07:00,0,0
resume\index.html,20,html,fd2edb35,kylele3221,2025-10-09,23:15:05,-07:00,2025-10-09T23:15:05-07:00,3,7
resume\index.html,21,html,c83715c4,kylele3221,2025-09-30,16:38:49,-07:00,2025-09-30T16:38:49-07:00,4,22
resume\index.html,22,html,fd2edb35,kylele3221,2025-10-09,23:15:05,-07:00,2025-10-09T23:15:05-07:00,4,15
resume\index.html,23,html,c83715c4,kylele3221,2025-09-30,16:38:49,-07:00,2025-09-30T16:38:49-07:00,4,58
resume\index.html,24,html,fd2edb35,kylele3221,2025-10-09,23:15:05,-07:00,2025-10-09T23:15:05-07:00,4,16
resume\index.html,25,html,c83715c4,kylele3221,2025-09-30,16:38:49,-07:00,2025-09-30T16:38:49-07:00,4,23
resume\index.html,26,html,fd2edb35,kylele3221,2025-10-09,23:15:05,-07:00,2025-10-09T23:15:05-07:00,4,13
resume\index.html,27,html,c83715c4,kylele3221,2025-09-30,16:38:49,-07:00,2025-09-30T16:38:49-07:00,4,93
resume\index.html,28,html,fd2edb35,kylele3221,2025-10-09,23:15:05,-07:00,2025-10-09T23:15:05-07:00,4,19
resume\index.html,29,html,c83715c4,kylele3221,2025-09-30,16:38:49,-07:00,2025-09-30T16:38:49-07:00,4,50
resume\index.html,30,html,fd2edb35,kylele3221,2025-10-09,23:15:05,-07:00,2025-10-09T23:15:05-07:00,3,8
resume\index.html,31,html,fd2edb35,kylele3221,2025-10-09,23:15:05,-07:00,2025-10-09T23:15:05-07:00,2,6
resume\index.html,32,html,fd2edb35,kylele3221,2025-10-09,23:15:05,-07:00,2025-10-09T23:15:05-07:00,0,0
resume\index.html,33,html,e78710cd,kylele3221,2025-09-30,16:44:14,-07:00,2025-09-30T16:44:14-07:00,2,7
resume\index.html,34,html,fd2edb35,kylele3221,2025-10-09,23:15:05,-07:00,2025-10-09T23:15:05-07:00,3,16
resume\index.html,35,html,fd2edb35,kylele3221,2025-10-09,23:15:05,-07:00,2025-10-09T23:15:05-07:00,3,39
resume\index.html,36,html,fd2edb35,kylele3221,2025-10-09,23:15:05,-07:00,2025-10-09T23:15:05-07:00,3,30
resume\index.html,37,html,fd2edb35,kylele3221,2025-10-09,23:15:05,-07:00,2025-10-09T23:15:05-07:00,3,35
resume\index.html,38,html,fd2edb35,kylele3221,2025-10-09,23:15:05,-07:00,2025-10-09T23:15:05-07:00,3,45
resume\index.html,39,html,fd2edb35,kylele3221,2025-10-09,23:15:05,-07:00,2025-10-09T23:15:05-07:00,3,31
resume\index.html,40,html,fd2edb35,kylele3221,2025-10-09,23:15:05,-07:00,2025-10-09T23:15:05-07:00,3,22
resume\index.html,41,html,fd2edb35,kylele3221,2025-10-09,23:15:05,-07:00,2025-10-09T23:15:05-07:00,3,21
resume\index.html,42,html,fd2edb35,kylele3221,2025-10-09,23:15:05,-07:00,2025-10-09T23:15:05-07:00,3,19
resume\index.html,43,html,e78710cd,kylele3221,2025-09-30,16:44:14,-07:00,2025-09-30T16:44:14-07:00,2,8
resume\index.html,44,html,deff7dc4,kylele3221,2025-09-30,16:32:47,-07:00,2025-09-30T16:32:47-07:00,0,0
resume\index.html,45,html,fd2edb35,kylele3221,2025-10-09,23:15:05,-07:00,2025-10-09T23:15:05-07:00,2,7
resume\index.html,46,html,fd2edb35,kylele3221,2025-10-09,23:15:05,-07:00,2025-10-09T23:15:05-07:00,3,21
resume\index.html,47,html,fd2edb35,kylele3221,2025-10-09,23:15:05,-07:00,2025-10-09T23:15:05-07:00,0,0
resume\index.html,48,html,fd2edb35,kylele3221,2025-10-09,23:15:05,-07:00,2025-10-09T23:15:05-07:00,3,25
resume\index.html,49,html,fd2edb35,kylele3221,2025-10-09,23:15:05,-07:00,2025-10-09T23:15:05-07:00,3,7
resume\index.html,50,html,fd2edb35,kylele3221,2025-10-09,23:15:05,-07:00,2025-10-09T23:15:05-07:00,4,2
resume\index.html,51,html,32737753,kylele3221,2025-10-09,23:25:18,-07:00,2025-10-09T23:25:18-07:00,5,146
resume\index.html,52,html,32737753,kylele3221,2025-10-09,23:25:18,-07:00,2025-10-09T23:25:18-07:00,5,102
resume\index.html,53,html,32737753,kylele3221,2025-10-09,23:25:18,-07:00,2025-10-09T23:25:18-07:00,5,108
resume\index.html,54,html,fd2edb35,kylele3221,2025-10-09,23:15:05,-07:00,2025-10-09T23:15:05-07:00,4,3
resume\index.html,55,html,fd2edb35,kylele3221,2025-10-09,23:15:05,-07:00,2025-10-09T23:15:05-07:00,3,8
resume\index.html,56,html,fd2edb35,kylele3221,2025-10-09,23:15:05,-07:00,2025-10-09T23:15:05-07:00,0,0
resume\index.html,57,html,fd2edb35,kylele3221,2025-10-09,23:15:05,-07:00,2025-10-09T23:15:05-07:00,3,23
resume\index.html,58,html,fd2edb35,kylele3221,2025-10-09,23:15:05,-07:00,2025-10-09T23:15:05-07:00,3,7
resume\index.html,59,html,fd2edb35,kylele3221,2025-10-09,23:15:05,-07:00,2025-10-09T23:15:05-07:00,4,2
resume\index.html,60,html,32737753,kylele3221,2025-10-09,23:25:18,-07:00,2025-10-09T23:25:18-07:00,5,99
resume\index.html,61,html,32737753,kylele3221,2025-10-09,23:25:18,-07:00,2025-10-09T23:25:18-07:00,5,70
resume\index.html,62,html,32737753,kylele3221,2025-10-09,23:25:18,-07:00,2025-10-09T23:25:18-07:00,5,90
resume\index.html,63,html,fd2edb35,kylele3221,2025-10-09,23:15:05,-07:00,2025-10-09T23:15:05-07:00,4,3
resume\index.html,64,html,fd2edb35,kylele3221,2025-10-09,23:15:05,-07:00,2025-10-09T23:15:05-07:00,3,8
resume\index.html,65,html,fd2edb35,kylele3221,2025-10-09,23:15:05,-07:00,2025-10-09T23:15:05-07:00,0,0
resume\index.html,66,html,fd2edb35,kylele3221,2025-10-09,23:15:05,-07:00,2025-10-09T23:15:05-07:00,3,63
resume\index.html,67,html,fd2edb35,kylele3221,2025-10-09,23:15:05,-07:00,2025-10-09T23:15:05-07:00,3,7
resume\index.html,68,html,fd2edb35,kylele3221,2025-10-09,23:15:05,-07:00,2025-10-09T23:15:05-07:00,4,2
resume\index.html,69,html,fd2edb35,kylele3221,2025-10-09,23:15:05,-07:00,2025-10-09T23:15:05-07:00,5,65
resume\index.html,70,html,32737753,kylele3221,2025-10-09,23:25:18,-07:00,2025-10-09T23:25:18-07:00,5,79
resume\index.html,71,html,32737753,kylele3221,2025-10-09,23:25:18,-07:00,2025-10-09T23:25:18-07:00,5,83
resume\index.html,72,html,fd2edb35,kylele3221,2025-10-09,23:15:05,-07:00,2025-10-09T23:15:05-07:00,4,3
resume\index.html,73,html,fd2edb35,kylele3221,2025-10-09,23:15:05,-07:00,2025-10-09T23:15:05-07:00,3,8
resume\index.html,74,html,fd2edb35,kylele3221,2025-10-09,23:15:05,-07:00,2025-10-09T23:15:05-07:00,2,8
resume\index.html,75,html,fd2edb35,kylele3221,2025-10-09,23:15:05,-07:00,2025-10-09T23:15:05-07:00,1,5
resume\index.html,76,html,7f178f45,kylele3221,2025-10-15,13:35:03,-07:00,2025-10-15T13:35:03-07:00,1,48
resume\index.html,77,html,d7357fa3,kylele3221,2025-09-30,16:23:16,-07:00,2025-09-30T16:23:16-07:00,0,5
resume\index.html,78,html,fd2edb35,kylele3221,2025-10-09,23:15:05,-07:00,2025-10-09T23:15:05-07:00,0,5
projects\projects.js,1,js,3c8a47b5,Kyle Le,2025-10-31,18:27:14,-07:00,2025-10-31T18:27:14-07:00,0,63
projects\projects.js,2,js,3dbae148,Kyle Le,2025-10-24,13:28:05,-07:00,2025-10-24T13:28:05-07:00,0,55
projects\projects.js,3,js,3e9a0ae2,Kyle Le,2025-10-24,00:53:54,-07:00,2025-10-24T00:53:54-07:00,0,0
projects\projects.js,4,js,f5343f71,Kyle Le,2025-10-31,18:47:16,-07:00,2025-10-31T18:47:16-07:00,0,13
projects\projects.js,5,js,60bc4ac3,Kyle Le,2025-10-31,20:50:15,-07:00,2025-10-31T20:50:15-07:00,0,21
projects\projects.js,6,js,2dcb13c3,Kyle Le,2025-10-31,21:29:35,-07:00,2025-10-31T21:29:35-07:00,0,19
projects\projects.js,7,js,f5343f71,Kyle Le,2025-10-31,18:47:16,-07:00,2025-10-31T18:47:16-07:00,0,0
projects\projects.js,8,js,5db180cb,Kyle Le,2025-10-31,18:45:16,-07:00,2025-10-31T18:45:16-07:00,0,55
projects\projects.js,9,js,e6c81b64,Kyle Le,2025-10-24,00:54:16,-07:00,2025-10-24T00:54:16-07:00,0,52
projects\projects.js,10,js,5db180cb,Kyle Le,2025-10-31,18:45:16,-07:00,2025-10-31T18:45:16-07:00,0,40
projects\projects.js,11,js,4365effd,Kyle Le,2025-10-24,13:53:59,-07:00,2025-10-24T13:53:59-07:00,0,0
projects\projects.js,12,js,4365effd,Kyle Le,2025-10-24,13:53:59,-07:00,2025-10-24T13:53:59-07:00,0,54
projects\projects.js,13,js,5db180cb,Kyle Le,2025-10-31,18:45:16,-07:00,2025-10-31T18:45:16-07:00,0,61
projects\projects.js,14,js,ce51becc,Kyle Le,2025-10-31,18:09:45,-07:00,2025-10-31T18:09:45-07:00,0,0
projects\projects.js,15,js,ce51becc,Kyle Le,2025-10-31,18:09:45,-07:00,2025-10-31T18:09:45-07:00,0,42
projects\projects.js,16,js,bd13f9c7,Kyle Le,2025-10-31,18:40:17,-07:00,2025-10-31T18:40:17-07:00,0,34
projects\projects.js,17,js,525ecd20,Kyle Le,2025-10-31,18:50:34,-07:00,2025-10-31T18:50:34-07:00,0,0
projects\projects.js,18,js,2dcb13c3,Kyle Le,2025-10-31,21:29:35,-07:00,2025-10-31T21:29:35-07:00,0,35
projects\projects.js,19,js,2dcb13c3,Kyle Le,2025-10-31,21:29:35,-07:00,2025-10-31T21:29:35-07:00,1,37
projects\projects.js,20,js,2dcb13c3,Kyle Le,2025-10-31,21:29:35,-07:00,2025-10-31T21:29:35-07:00,2,55
projects\projects.js,21,js,2dcb13c3,Kyle Le,2025-10-31,21:29:35,-07:00,2025-10-31T21:29:35-07:00,1,0
projects\projects.js,22,js,2dcb13c3,Kyle Le,2025-10-31,21:29:35,-07:00,2025-10-31T21:29:35-07:00,1,55
projects\projects.js,23,js,2dcb13c3,Kyle Le,2025-10-31,21:29:35,-07:00,2025-10-31T21:29:35-07:00,2,44
projects\projects.js,24,js,2dcb13c3,Kyle Le,2025-10-31,21:29:35,-07:00,2025-10-31T21:29:35-07:00,2,47
projects\projects.js,25,js,2dcb13c3,Kyle Le,2025-10-31,21:29:35,-07:00,2025-10-31T21:29:35-07:00,1,0
projects\projects.js,26,js,2dcb13c3,Kyle Le,2025-10-31,21:29:35,-07:00,2025-10-31T21:29:35-07:00,1,14
projects\projects.js,27,js,2dcb13c3,Kyle Le,2025-10-31,21:29:35,-07:00,2025-10-31T21:29:35-07:00,0,0
projects\projects.js,28,js,2dcb13c3,Kyle Le,2025-10-31,21:29:35,-07:00,2025-10-31T21:29:35-07:00,0,0
projects\projects.js,29,js,9b788555,Kyle Le,2025-10-31,20:31:20,-07:00,2025-10-31T20:31:20-07:00,0,38
projects\projects.js,30,js,9b788555,Kyle Le,2025-10-31,20:31:20,-07:00,2025-10-31T20:31:20-07:00,1,29
projects\projects.js,31,js,9b788555,Kyle Le,2025-10-31,20:31:20,-07:00,2025-10-31T20:31:20-07:00,1,30
projects\projects.js,32,js,9b788555,Kyle Le,2025-10-31,20:31:20,-07:00,2025-10-31T20:31:20-07:00,0,0
projects\projects.js,33,js,9b788555,Kyle Le,2025-10-31,20:31:20,-07:00,2025-10-31T20:31:20-07:00,1,28
projects\projects.js,34,js,9b788555,Kyle Le,2025-10-31,20:31:20,-07:00,2025-10-31T20:31:20-07:00,2,12
projects\projects.js,35,js,9b788555,Kyle Le,2025-10-31,20:31:20,-07:00,2025-10-31T20:31:20-07:00,2,12
projects\projects.js,36,js,9b788555,Kyle Le,2025-10-31,20:31:20,-07:00,2025-10-31T20:31:20-07:00,2,9
projects\projects.js,37,js,9b788555,Kyle Le,2025-10-31,20:31:20,-07:00,2025-10-31T20:31:20-07:00,1,0
projects\projects.js,38,js,9b788555,Kyle Le,2025-10-31,20:31:20,-07:00,2025-10-31T20:31:20-07:00,0,0
projects\projects.js,39,js,9b788555,Kyle Le,2025-10-31,20:31:20,-07:00,2025-10-31T20:31:20-07:00,1,78
projects\projects.js,40,js,2dcb13c3,Kyle Le,2025-10-31,21:29:35,-07:00,2025-10-31T21:29:35-07:00,1,17
projects\projects.js,41,js,9b788555,Kyle Le,2025-10-31,20:31:20,-07:00,2025-10-31T20:31:20-07:00,1,59
projects\projects.js,42,js,9b788555,Kyle Le,2025-10-31,20:31:20,-07:00,2025-10-31T20:31:20-07:00,1,50
projects\projects.js,43,js,9b788555,Kyle Le,2025-10-31,20:31:20,-07:00,2025-10-31T20:31:20-07:00,1,35
projects\projects.js,44,js,9b788555,Kyle Le,2025-10-31,20:31:20,-07:00,2025-10-31T20:31:20-07:00,1,45
projects\projects.js,45,js,9b788555,Kyle Le,2025-10-31,20:31:20,-07:00,2025-10-31T20:31:20-07:00,1,49
projects\projects.js,46,js,9b788555,Kyle Le,2025-10-31,20:31:20,-07:00,2025-10-31T20:31:20-07:00,0,0
projects\projects.js,47,js,9b788555,Kyle Le,2025-10-31,20:31:20,-07:00,2025-10-31T20:31:20-07:00,1,26
projects\projects.js,48,js,60bc4ac3,Kyle Le,2025-10-31,20:50:15,-07:00,2025-10-31T20:50:15-07:00,2,16
projects\projects.js,49,js,60bc4ac3,Kyle Le,2025-10-31,20:50:15,-07:00,2025-10-31T20:50:15-07:00,3,13
projects\projects.js,50,js,60bc4ac3,Kyle Le,2025-10-31,20:50:15,-07:00,2025-10-31T20:50:15-07:00,3,24
projects\projects.js,51,js,60bc4ac3,Kyle Le,2025-10-31,20:50:15,-07:00,2025-10-31T20:50:15-07:00,3,53
projects\projects.js,52,js,60bc4ac3,Kyle Le,2025-10-31,20:50:15,-07:00,2025-10-31T20:50:15-07:00,3,18
projects\projects.js,53,js,60bc4ac3,Kyle Le,2025-10-31,20:50:15,-07:00,2025-10-31T20:50:15-07:00,4,47
projects\projects.js,54,js,2dcb13c3,Kyle Le,2025-10-31,21:29:35,-07:00,2025-10-31T21:29:35-07:00,4,38
projects\projects.js,55,js,2dcb13c3,Kyle Le,2025-10-31,21:29:35,-07:00,2025-10-31T21:29:35-07:00,4,23
projects\projects.js,56,js,2dcb13c3,Kyle Le,2025-10-31,21:29:35,-07:00,2025-10-31T21:29:35-07:00,4,40
projects\projects.js,57,js,2dcb13c3,Kyle Le,2025-10-31,21:29:35,-07:00,2025-10-31T21:29:35-07:00,4,23
projects\projects.js,58,js,60bc4ac3,Kyle Le,2025-10-31,20:50:15,-07:00,2025-10-31T20:50:15-07:00,3,1
projects\projects.js,59,js,9b788555,Kyle Le,2025-10-31,20:31:20,-07:00,2025-10-31T20:31:20-07:00,1,1
projects\projects.js,60,js,9b788555,Kyle Le,2025-10-31,20:31:20,-07:00,2025-10-31T20:31:20-07:00,0,0
projects\projects.js,61,js,9b788555,Kyle Le,2025-10-31,20:31:20,-07:00,2025-10-31T20:31:20-07:00,1,24
projects\projects.js,62,js,60bc4ac3,Kyle Le,2025-10-31,20:50:15,-07:00,2025-10-31T20:50:15-07:00,2,17
projects\projects.js,63,js,9b788555,Kyle Le,2025-10-31,20:31:20,-07:00,2025-10-31T20:31:20-07:00,3,38
projects\projects.js,64,js,60bc4ac3,Kyle Le,2025-10-31,20:50:15,-07:00,2025-10-31T20:50:15-07:00,3,53
projects\projects.js,65,js,60bc4ac3,Kyle Le,2025-10-31,20:50:15,-07:00,2025-10-31T20:50:15-07:00,3,68
projects\projects.js,66,js,60bc4ac3,Kyle Le,2025-10-31,20:50:15,-07:00,2025-10-31T20:50:15-07:00,3,18
projects\projects.js,67,js,60bc4ac3,Kyle Le,2025-10-31,20:50:15,-07:00,2025-10-31T20:50:15-07:00,4,47
projects\projects.js,68,js,2dcb13c3,Kyle Le,2025-10-31,21:29:35,-07:00,2025-10-31T21:29:35-07:00,4,38
projects\projects.js,69,js,2dcb13c3,Kyle Le,2025-10-31,21:29:35,-07:00,2025-10-31T21:29:35-07:00,4,23
projects\projects.js,70,js,2dcb13c3,Kyle Le,2025-10-31,21:29:35,-07:00,2025-10-31T21:29:35-07:00,4,40
projects\projects.js,71,js,2dcb13c3,Kyle Le,2025-10-31,21:29:35,-07:00,2025-10-31T21:29:35-07:00,4,23
projects\projects.js,72,js,60bc4ac3,Kyle Le,2025-10-31,20:50:15,-07:00,2025-10-31T20:50:15-07:00,3,1
projects\projects.js,73,js,9b788555,Kyle Le,2025-10-31,20:31:20,-07:00,2025-10-31T20:31:20-07:00,1,1
projects\projects.js,74,js,9b788555,Kyle Le,2025-10-31,20:31:20,-07:00,2025-10-31T20:31:20-07:00,0,0
projects\projects.js,75,js,9b788555,Kyle Le,2025-10-31,20:31:20,-07:00,2025-10-31T20:31:20-07:00,0,0
projects\projects.js,76,js,9b788555,Kyle Le,2025-10-31,20:31:20,-07:00,2025-10-31T20:31:20-07:00,0,23
projects\projects.js,77,js,9b788555,Kyle Le,2025-10-31,20:31:20,-07:00,2025-10-31T20:31:20-07:00,0,0
projects\projects.js,78,js,9b788555,Kyle Le,2025-10-31,20:31:20,-07:00,2025-10-31T20:31:20-07:00,0,55
projects\projects.js,79,js,525ecd20,Kyle Le,2025-10-31,18:50:34,-07:00,2025-10-31T18:50:34-07:00,0,0
projects\projects.js,80,js,525ecd20,Kyle Le,2025-10-31,18:50:34,-07:00,2025-10-31T18:50:34-07:00,0,42
projects\projects.js,81,js,525ecd20,Kyle Le,2025-10-31,18:50:34,-07:00,2025-10-31T18:50:34-07:00,1,35
projects\projects.js,82,js,2dcb13c3,Kyle Le,2025-10-31,21:29:35,-07:00,2025-10-31T21:29:35-07:00,1,38
projects\projects.js,83,js,525ecd20,Kyle Le,2025-10-31,18:50:34,-07:00,2025-10-31T18:50:34-07:00,1,23
projects\projects.js,84,js,2dcb13c3,Kyle Le,2025-10-31,21:29:35,-07:00,2025-10-31T21:29:35-07:00,1,40
projects\projects.js,85,js,2dcb13c3,Kyle Le,2025-10-31,21:29:35,-07:00,2025-10-31T21:29:35-07:00,1,23
projects\projects.js,86,js,525ecd20,Kyle Le,2025-10-31,18:50:34,-07:00,2025-10-31T18:50:34-07:00,0,1
projects\index.html,1,html,e8e1b23e,kylele3221,2025-09-29,21:12:21,-07:00,2025-09-29T21:12:21-07:00,0,13
projects\index.html,2,html,e8e1b23e,kylele3221,2025-09-29,21:12:21,-07:00,2025-09-29T21:12:21-07:00,0,14
projects\index.html,3,html,e8e1b23e,kylele3221,2025-09-29,21:12:21,-07:00,2025-09-29T21:12:21-07:00,0,4
projects\index.html,4,html,e8e1b23e,kylele3221,2025-09-29,21:12:21,-07:00,2025-09-29T21:12:21-07:00,2,20
projects\index.html,5,html,e8e1b23e,kylele3221,2025-09-29,21:12:21,-07:00,2025-09-29T21:12:21-07:00,2,68
projects\index.html,6,html,e8e1b23e,kylele3221,2025-09-29,21:12:21,-07:00,2025-09-29T21:12:21-07:00,2,21
projects\index.html,7,html,d76d0e51,kylele3221,2025-10-09,22:36:02,-07:00,2025-10-09T22:36:02-07:00,2,41
projects\index.html,8,html,e8e1b23e,kylele3221,2025-09-29,21:12:21,-07:00,2025-09-29T21:12:21-07:00,0,5
projects\index.html,9,html,e8e1b23e,kylele3221,2025-09-29,21:12:21,-07:00,2025-09-29T21:12:21-07:00,0,4
projects\index.html,10,html,07894dc7,Kyle Le,2025-10-24,13:52:30,-07:00,2025-10-24T13:52:30-07:00,2,38
projects\index.html,11,html,6817dfab,Kyle Le,2025-10-31,18:13:40,-07:00,2025-10-31T18:13:40-07:00,0,0
projects\index.html,12,html,1f9fae5e,Kyle Le,2025-10-24,13:45:50,-07:00,2025-10-24T13:45:50-07:00,2,26
projects\index.html,13,html,6817dfab,Kyle Le,2025-10-31,18:13:40,-07:00,2025-10-31T18:13:40-07:00,0,0
projects\index.html,14,html,25b3beee,Kyle Le,2025-10-31,18:43:32,-07:00,2025-10-31T18:43:32-07:00,2,21
projects\index.html,15,html,f3c98921,Kyle Le,2025-10-31,18:46:55,-07:00,2025-10-31T18:46:55-07:00,4,4
projects\index.html,16,html,f3c98921,Kyle Le,2025-10-31,18:46:55,-07:00,2025-10-31T18:46:55-07:00,5,15
projects\index.html,17,html,f3c98921,Kyle Le,2025-10-31,18:46:55,-07:00,2025-10-31T18:46:55-07:00,5,11
projects\index.html,18,html,f3c98921,Kyle Le,2025-10-31,18:46:55,-07:00,2025-10-31T18:46:55-07:00,5,26
projects\index.html,19,html,f3c98921,Kyle Le,2025-10-31,18:46:55,-07:00,2025-10-31T18:46:55-07:00,5,31
projects\index.html,20,html,f3c98921,Kyle Le,2025-10-31,18:46:55,-07:00,2025-10-31T18:46:55-07:00,4,0
projects\index.html,21,html,25b3beee,Kyle Le,2025-10-31,18:43:32,-07:00,2025-10-31T18:43:32-07:00,3,58
projects\index.html,22,html,25b3beee,Kyle Le,2025-10-31,18:43:32,-07:00,2025-10-31T18:43:32-07:00,3,22
projects\index.html,23,html,25b3beee,Kyle Le,2025-10-31,18:43:32,-07:00,2025-10-31T18:43:32-07:00,2,4
projects\index.html,24,html,25b3beee,Kyle Le,2025-10-31,18:43:32,-07:00,2025-10-31T18:43:32-07:00,0,0
projects\index.html,25,html,a9363e11,Kyle Le,2025-10-31,18:41:42,-07:00,2025-10-31T18:41:42-07:00,0,0
projects\index.html,26,html,6817dfab,Kyle Le,2025-10-31,18:13:40,-07:00,2025-10-31T18:13:40-07:00,0,0
projects\index.html,27,html,24dbf103,Kyle Le,2025-10-31,18:31:12,-07:00,2025-10-31T18:31:12-07:00,2,53
projects\index.html,28,html,e8e1b23e,kylele3221,2025-09-29,21:12:21,-07:00,2025-09-29T21:12:21-07:00,0,5
projects\index.html,29,html,99f57b51,Kyle Le,2025-10-24,13:17:28,-07:00,2025-10-24T13:17:28-07:00,0,5
meta\index.html,1,html,32d9f8f2,Kyle Le,2025-11-06,21:55:00,-08:00,2025-11-06T21:55:00-08:00,0,13
meta\index.html,2,html,32d9f8f2,Kyle Le,2025-11-06,21:55:00,-08:00,2025-11-06T21:55:00-08:00,0,14
meta\index.html,3,html,32d9f8f2,Kyle Le,2025-11-06,21:55:00,-08:00,2025-11-06T21:55:00-08:00,0,4
meta\index.html,4,html,32d9f8f2,Kyle Le,2025-11-06,21:55:00,-08:00,2025-11-06T21:55:00-08:00,2,20
meta\index.html,5,html,32d9f8f2,Kyle Le,2025-11-06,21:55:00,-08:00,2025-11-06T21:55:00-08:00,2,68
meta\index.html,6,html,32d9f8f2,Kyle Le,2025-11-06,21:55:00,-08:00,2025-11-06T21:55:00-08:00,2,26
meta\index.html,7,html,32d9f8f2,Kyle Le,2025-11-06,21:55:00,-08:00,2025-11-06T21:55:00-08:00,2,41
meta\index.html,8,html,32d9f8f2,Kyle Le,2025-11-06,21:55:00,-08:00,2025-11-06T21:55:00-08:00,0,5
meta\index.html,9,html,32d9f8f2,Kyle Le,2025-11-06,21:55:00,-08:00,2025-11-06T21:55:00-08:00,0,4
meta\index.html,10,html,32d9f8f2,Kyle Le,2025-11-06,21:55:00,-08:00,2025-11-06T21:55:00-08:00,2,20
meta\index.html,11,html,32d9f8f2,Kyle Le,2025-11-06,21:55:00,-08:00,2025-11-06T21:55:00-08:00,2,73
meta\index.html,12,html,3ca87138,Kyle Le,2025-11-06,22:17:41,-08:00,2025-11-06T22:17:41-08:00,2,20
meta\index.html,13,html,3ca87138,Kyle Le,2025-11-06,22:17:41,-08:00,2025-11-06T22:17:41-08:00,3,20
meta\index.html,14,html,3ca87138,Kyle Le,2025-11-06,22:17:41,-08:00,2025-11-06T22:17:41-08:00,2,7
meta\index.html,15,html,32d9f8f2,Kyle Le,2025-11-06,21:55:00,-08:00,2025-11-06T21:55:00-08:00,0,5
meta\index.html,16,html,32d9f8f2,Kyle Le,2025-11-06,21:55:00,-08:00,2025-11-06T21:55:00-08:00,0,5
contact\index.html,1,html,e8e1b23e,kylele3221,2025-09-29,21:12:21,-07:00,2025-09-29T21:12:21-07:00,0,13
contact\index.html,2,html,e8e1b23e,kylele3221,2025-09-29,21:12:21,-07:00,2025-09-29T21:12:21-07:00,0,14
contact\index.html,3,html,e8e1b23e,kylele3221,2025-09-29,21:12:21,-07:00,2025-09-29T21:12:21-07:00,0,4
contact\index.html,4,html,e8e1b23e,kylele3221,2025-09-29,21:12:21,-07:00,2025-09-29T21:12:21-07:00,2,20
contact\index.html,5,html,e8e1b23e,kylele3221,2025-09-29,21:12:21,-07:00,2025-09-29T21:12:21-07:00,2,68
contact\index.html,6,html,e8e1b23e,kylele3221,2025-09-29,21:12:21,-07:00,2025-09-29T21:12:21-07:00,2,20
contact\index.html,7,html,d76d0e51,kylele3221,2025-10-09,22:36:02,-07:00,2025-10-09T22:36:02-07:00,2,41
contact\index.html,8,html,e8e1b23e,kylele3221,2025-09-29,21:12:21,-07:00,2025-09-29T21:12:21-07:00,0,5
contact\index.html,9,html,e8e1b23e,kylele3221,2025-09-29,21:12:21,-07:00,2025-09-29T21:12:21-07:00,0,4
contact\index.html,10,html,e8e1b23e,kylele3221,2025-09-29,21:12:21,-07:00,2025-09-29T21:12:21-07:00,2,14
contact\index.html,11,html,c5a57ebb,kylele3221,2025-10-09,23:02:14,-07:00,2025-10-09T23:02:14-07:00,2,4
contact\index.html,12,html,c5a57ebb,kylele3221,2025-10-09,23:02:14,-07:00,2025-10-09T23:02:14-07:00,4,5
contact\index.html,13,html,c5a57ebb,kylele3221,2025-10-09,23:02:14,-07:00,2025-10-09T23:02:14-07:00,6,7
contact\index.html,14,html,c5a57ebb,kylele3221,2025-10-09,23:02:14,-07:00,2025-10-09T23:02:14-07:00,6,29
contact\index.html,15,html,c5a57ebb,kylele3221,2025-10-09,23:02:14,-07:00,2025-10-09T23:02:14-07:00,4,6
contact\index.html,16,html,c5a57ebb,kylele3221,2025-10-09,23:02:14,-07:00,2025-10-09T23:02:14-07:00,0,0
contact\index.html,17,html,c5a57ebb,kylele3221,2025-10-09,23:02:14,-07:00,2025-10-09T23:02:14-07:00,4,5
contact\index.html,18,html,c5a57ebb,kylele3221,2025-10-09,23:02:14,-07:00,2025-10-09T23:02:14-07:00,6,3
contact\index.html,19,html,c5a57ebb,kylele3221,2025-10-09,23:02:14,-07:00,2025-10-09T23:02:14-07:00,6,31
contact\index.html,20,html,c5a57ebb,kylele3221,2025-10-09,23:02:14,-07:00,2025-10-09T23:02:14-07:00,4,6
contact\index.html,21,html,c5a57ebb,kylele3221,2025-10-09,23:02:14,-07:00,2025-10-09T23:02:14-07:00,0,0
contact\index.html,22,html,c5a57ebb,kylele3221,2025-10-09,23:02:14,-07:00,2025-10-09T23:02:14-07:00,4,5
contact\index.html,23,html,c5a57ebb,kylele3221,2025-10-09,23:02:14,-07:00,2025-10-09T23:02:14-07:00,6,5
contact\index.html,24,html,c5a57ebb,kylele3221,2025-10-09,23:02:14,-07:00,2025-10-09T23:02:14-07:00,6,43
contact\index.html,25,html,c5a57ebb,kylele3221,2025-10-09,23:02:14,-07:00,2025-10-09T23:02:14-07:00,4,6
contact\index.html,26,html,c5a57ebb,kylele3221,2025-10-09,23:02:14,-07:00,2025-10-09T23:02:14-07:00,0,0
contact\index.html,27,html,c5a57ebb,kylele3221,2025-10-09,23:02:14,-07:00,2025-10-09T23:02:14-07:00,4,33
contact\index.html,28,html,c5a57ebb,kylele3221,2025-10-09,23:02:14,-07:00,2025-10-09T23:02:14-07:00,0,5
contact\index.html,29,html,7f178f45,kylele3221,2025-10-15,13:35:03,-07:00,2025-10-15T13:35:03-07:00,0,48
contact\index.html,30,html,e8e1b23e,kylele3221,2025-09-29,21:12:21,-07:00,2025-09-29T21:12:21-07:00,0,5
contact\index.html,31,html,e8e1b23e,kylele3221,2025-09-29,21:12:21,-07:00,2025-09-29T21:12:21-07:00,0,5
